선택한 포켓몬,1위 라인업 추천 포켓몬,2위 라인업 추천 포켓몬,3위 라인업 추천 포켓몬,4위 라인업 추천 포켓몬,5위 라인업 추천 포켓몬,6위 라인업 추천 포켓몬,7위 라인업 추천 포켓몬,8위 라인업 추천 포켓몬,9위 라인업 추천 포켓몬,10위 라인업 추천 포켓몬
드래펄트,"고스트, 페어리","땅, 강철","비행, 강철","바위, 악","전기, 물","전기, 불꽃","페어리, 비행","물, 비행","악, 드래곤",얼음
따라큐,"드래곤, 고스트","땅, 강철","악, 드래곤","비행, 강철","전기, 물","바위, 악","전기, 불꽃","물, 비행","페어리, 비행",얼음
몰드류,"드래곤, 고스트","고스트, 페어리","비행, 강철","바위, 악","페어리, 비행","악, 드래곤","전기, 물","물, 비행","전기, 불꽃","악, 페어리"
아머까오,"드래곤, 고스트","고스트, 페어리","땅, 강철","바위, 악","악, 드래곤","전기, 불꽃","전기, 물","페어리, 비행","물, 비행",페어리
마기라스,"땅, 강철","드래곤, 고스트","고스트, 페어리","비행, 강철","전기, 물","악, 드래곤","전기, 불꽃","페어리, 비행","물, 비행","독, 물"
삼삼드래,"고스트, 페어리","땅, 강철","비행, 강철","드래곤, 고스트","바위, 악","물, 비행","전기, 물","전기, 불꽃","페어리, 비행",얼음
토게키스,"땅, 강철","드래곤, 고스트","고스트, 페어리","전기, 물","비행, 강철","바위, 악","전기, 불꽃","악, 드래곤","악, 페어리","물, 비행"
로토무,"고스트, 페어리","땅, 강철","드래곤, 고스트","비행, 강철","바위, 악","페어리, 비행","악, 드래곤",얼음,"물, 비행","불꽃, 비행"
로토무,"고스트, 페어리","드래곤, 고스트","땅, 강철","비행, 강철","물, 비행","바위, 악","악, 드래곤","페어리, 비행","풀, 강철",얼음
갸라도스,"고스트, 페어리","땅, 강철","드래곤, 고스트","전기, 불꽃","악, 드래곤","바위, 악","비행, 강철","페어리, 비행","전기, 물","풀, 강철"
불비달마,"고스트, 페어리","드래곤, 고스트","땅, 강철","비행, 강철","전기, 물","페어리, 비행","악, 드래곤","바위, 악","전기, 불꽃","물, 비행"
오롱털,"땅, 강철","드래곤, 고스트","페어리, 비행","고스트, 페어리","비행, 강철","악, 드래곤","전기, 불꽃","바위, 악","전기, 물","물, 비행"
님피아,"땅, 강철","드래곤, 고스트","비행, 강철","바위, 악","고스트, 페어리","악, 드래곤","물, 비행","전기, 물","전기, 불꽃",악
너트령,"드래곤, 고스트","고스트, 페어리","전기, 불꽃","땅, 강철","물, 비행","바위, 악","전기, 물","악, 드래곤","페어리, 비행","독, 물"
더시마사리,"땅, 강철","드래곤, 고스트","비행, 강철","고스트, 페어리","바위, 악","악, 드래곤","전기, 불꽃","페어리, 비행","풀, 강철",페어리
리자몽,"땅, 강철","고스트, 페어리","드래곤, 고스트","전기, 물","바위, 악","비행, 강철","악, 드래곤","물, 비행","악, 페어리",얼음
에이스번,"드래곤, 고스트","땅, 강철","고스트, 페어리","전기, 물","비행, 강철","페어리, 비행","악, 드래곤","바위, 악","물, 비행","전기, 풀"
파르셀,"드래곤, 고스트","고스트, 페어리","땅, 강철","페어리, 비행","전기, 불꽃","악, 드래곤","바위, 악","비행, 강철","전기, 물","악, 페어리"
하마돈,"고스트, 페어리","드래곤, 고스트","물, 비행","땅, 강철","악, 드래곤","페어리, 비행","전기, 물","비행, 강철","전기, 불꽃",얼음
코산호,"땅, 강철","고스트, 페어리","드래곤, 고스트","바위, 악","악, 드래곤","페어리, 비행","전기, 불꽃","비행, 강철","전기, 물","독, 물"
엘풍,"땅, 강철","드래곤, 고스트","고스트, 페어리","바위, 악","전기, 불꽃","비행, 강철","페어리, 비행","악, 드래곤","물, 비행","전기, 물"
로토무,"땅, 강철","고스트, 페어리","드래곤, 고스트","바위, 악","비행, 강철","페어리, 비행","악, 드래곤","물, 비행",불꽃,땅
두랄루돈,"드래곤, 고스트","고스트, 페어리","땅, 강철","물, 비행","비행, 강철","바위, 악","전기, 물","전기, 불꽃","페어리, 비행","악, 드래곤"
윈디,"고스트, 페어리","드래곤, 고스트","땅, 강철","전기, 물","비행, 강철","바위, 악","악, 드래곤","물, 비행","페어리, 비행","전기, 풀"
액스라이즈,"고스트, 페어리","드래곤, 고스트","페어리, 비행","비행, 강철","전기, 불꽃","바위, 악","전기, 물","악, 페어리","물, 비행","불꽃, 비행"
아이앤트,"드래곤, 고스트","악, 드래곤","페어리, 비행","땅, 강철","악, 페어리","고스트, 페어리","바위, 악","전기, 물","전기, 불꽃","물, 비행"
블래키,"땅, 강철","드래곤, 고스트","고스트, 페어리",페어리,"페어리, 비행","전기, 불꽃","전기, 물","비행, 강철","바위, 악","물, 비행"
잠만보,"고스트, 페어리","드래곤, 고스트","땅, 강철","악, 드래곤","비행, 강철","페어리, 비행","물, 비행","전기, 물","악, 페어리","전기, 불꽃"
어래곤,"고스트, 페어리","드래곤, 고스트","땅, 강철","페어리, 비행","전기, 불꽃","바위, 악","비행, 강철","악, 페어리","악, 드래곤","강철, 드래곤"
킬가르도,"악, 드래곤","고스트, 페어리","드래곤, 고스트","물, 비행","땅, 강철","비행, 강철","전기, 물","전기, 불꽃","페어리, 비행","바위, 악"
라프라스,"땅, 강철","드래곤, 고스트","고스트, 페어리","비행, 강철","바위, 악","전기, 불꽃","페어리, 비행","악, 드래곤","불꽃, 비행",불꽃
노보청,"땅, 강철","드래곤, 고스트","고스트, 페어리","페어리, 비행","전기, 불꽃","바위, 악","전기, 물","비행, 강철","악, 드래곤","물, 비행"
누오,"드래곤, 고스트","비행, 강철","바위, 악","독, 물","고스트, 페어리","땅, 강철","전기, 불꽃","페어리, 비행",페어리,"악, 드래곤"
트리토돈,"비행, 강철","고스트, 페어리","전기, 불꽃","드래곤, 고스트","땅, 강철","바위, 악","페어리, 비행","악, 드래곤",얼음,"물, 비행"
파치래곤,"비행, 강철","땅, 강철","드래곤, 고스트","고스트, 페어리","페어리, 비행","바위, 악","물, 비행","악, 페어리","풀, 페어리","악, 드래곤"
브리무음,"드래곤, 고스트","땅, 강철","비행, 강철","바위, 악","고스트, 페어리","전기, 불꽃","땅, 바위","전기, 물","악, 드래곤","물, 비행"
고릴타,"드래곤, 고스트","고스트, 페어리","땅, 강철","전기, 물","전기, 불꽃","바위, 악","비행, 강철","페어리, 비행","악, 드래곤","물, 비행"
루카리오,"고스트, 페어리","드래곤, 고스트","페어리, 비행","전기, 물","전기, 불꽃","바위, 악","땅, 강철","비행, 강철","물, 비행","불꽃, 비행"
거대코뿌리,"고스트, 페어리","악, 드래곤","드래곤, 고스트","비행, 강철","페어리, 비행","물, 비행","에스퍼, 페어리","전기, 물","전기, 불꽃","전기, 풀"
마휘핑,"비행, 강철","드래곤, 고스트","땅, 강철","바위, 악","고스트, 페어리","전기, 불꽃","독, 물","전기, 물","악, 드래곤","물, 비행"
샹델라,"땅, 강철","고스트, 페어리","바위, 악","드래곤, 고스트","비행, 강철","전기, 물","물, 비행","악, 드래곤","페어리, 비행","풀, 강철"
절각참,"드래곤, 고스트","고스트, 페어리","전기, 불꽃","전기, 물","악, 드래곤","페어리, 비행","물, 비행","땅, 강철","비행, 강철","바위, 악"
밀로틱,"땅, 강철","드래곤, 고스트","고스트, 페어리","바위, 악","전기, 불꽃","페어리, 비행","악, 드래곤","비행, 강철",페어리,얼음
인텔리레온,"드래곤, 고스트","땅, 강철","고스트, 페어리","비행, 강철","바위, 악","전기, 불꽃","악, 드래곤","페어리, 비행",얼음,불꽃
포트데스,"고스트, 페어리","드래곤, 고스트","땅, 강철","바위, 악","비행, 강철","전기, 불꽃","페어리, 비행","악, 페어리","물, 비행","전기, 물"
가로막구리,"드래곤, 고스트","땅, 강철","비행, 강철","고스트, 페어리","페어리, 비행","전기, 불꽃","전기, 물","물, 비행","바위, 악","불꽃, 비행"
미끄래곤,"비행, 강철","땅, 강철","고스트, 페어리","드래곤, 고스트","바위, 악","페어리, 비행","전기, 물","독, 물","물, 비행","전기, 불꽃"
루차불,"땅, 강철","드래곤, 고스트","고스트, 페어리","전기, 불꽃","바위, 악","악, 드래곤","전기, 물","비행, 강철","악, 페어리","페어리, 비행"
가디안,"드래곤, 고스트","땅, 강철","바위, 악","비행, 강철","고스트, 페어리","전기, 불꽃","전기, 물","물, 비행","악, 드래곤",드래곤
메타몽,"고스트, 페어리","드래곤, 고스트","악, 페어리","땅, 강철","악, 드래곤","비행, 강철","페어리, 비행","벌레, 강철",노말,"바위, 악"
글레이시아,"땅, 강철","고스트, 페어리","드래곤, 고스트",페어리,악,"비행, 강철","전기, 불꽃","바위, 악","전기, 물","악, 드래곤"
창파나이트,"땅, 강철","드래곤, 고스트","비행, 강철","고스트, 페어리","전기, 불꽃","물, 비행","페어리, 비행","전기, 물","바위, 악","악, 드래곤"
배우르,"땅, 강철","드래곤, 고스트","고스트, 페어리","페어리, 비행","바위, 악","물, 비행","전기, 물","전기, 불꽃",페어리,페어리
또도가스,"드래곤, 고스트","땅, 강철","바위, 악","악, 드래곤","고스트, 페어리","비행, 강철","물, 비행","전기, 불꽃","전기, 물",얼음
팬텀,"고스트, 페어리","드래곤, 고스트","바위, 악","물, 비행","땅, 강철","비행, 강철","전기, 물","악, 드래곤","페어리, 비행","전기, 불꽃"
랜턴,"비행, 강철","드래곤, 고스트","고스트, 페어리","땅, 강철","물, 비행","바위, 악","악, 드래곤","페어리, 비행",얼음,"불꽃, 비행"
버터플,"드래곤, 고스트","땅, 강철","고스트, 페어리","바위, 악","페어리, 비행","악, 페어리","풀, 페어리","비행, 강철","전기, 불꽃","물, 비행"
스트린더,"드래곤, 고스트","비행, 강철","고스트, 페어리","땅, 강철","물, 비행","악, 드래곤","바위, 악","악, 페어리","페어리, 비행",불꽃
모스노우,"드래곤, 고스트","땅, 강철","비행, 강철","고스트, 페어리","전기, 불꽃","바위, 악","전기, 물","악, 드래곤","물, 비행","악, 페어리"
짜랑고우거,"땅, 강철","고스트, 페어리","드래곤, 고스트","비행, 강철","바위, 악","페어리, 비행","전기, 불꽃","물, 비행","악, 페어리","전기, 물"
두빅굴,"비행, 강철","드래곤, 고스트","고스트, 페어리","전기, 불꽃","페어리, 비행","땅, 강철","바위, 악","악, 드래곤","악, 페어리",얼음
모르페코,"고스트, 페어리","드래곤, 고스트","땅, 강철","비행, 강철","페어리, 비행","악, 드래곤","바위, 악",페어리,"물, 비행","불꽃, 비행"
투구뿌논,"고스트, 페어리","땅, 강철","드래곤, 고스트","바위, 악","비행, 강철","악, 드래곤","물, 비행","에스퍼, 페어리",얼음,불꽃
파르토,"드래곤, 고스트","고스트, 페어리","비행, 강철","전기, 불꽃","악, 드래곤","전기, 물","페어리, 비행","물, 비행","악, 페어리","바위, 악"
요씽리스,"드래곤, 고스트","고스트, 페어리","땅, 강철","전기, 불꽃","악, 드래곤","페어리, 비행","에스퍼, 페어리","전기, 물","악, 페어리","바위, 악"
염뉴트,"드래곤, 고스트","고스트, 페어리","땅, 강철","비행, 강철","바위, 악","전기, 물","물, 비행","페어리, 비행","악, 페어리","악, 드래곤"
빙큐보,"드래곤, 고스트","고스트, 페어리","땅, 강철","바위, 악","전기, 불꽃","비행, 강철","악, 드래곤","페어리, 비행","악, 페어리","전기, 물"
에브이,악,페어리,"드래곤, 고스트","땅, 강철","고스트, 페어리","바위, 악","페어리, 비행","비행, 강철",얼음,물
로토무,"땅, 강철","드래곤, 고스트","고스트, 페어리","바위, 악","악, 페어리","악, 드래곤","비행, 강철","물, 비행",얼음,"물, 얼음"
일레도리자드,"땅, 강철","드래곤, 고스트","고스트, 페어리","비행, 강철","불꽃, 비행","바위, 악","물, 비행","페어리, 비행",페어리,"악, 드래곤"
가재장군,"땅, 강철","드래곤, 고스트","고스트, 페어리","에스퍼, 페어리","전기, 불꽃","비행, 강철","바위, 악","페어리, 비행","악, 드래곤","불꽃, 비행"
석탄산,"드래곤, 고스트","비행, 강철","땅, 강철","고스트, 페어리",악,"풀, 강철","악, 드래곤","악, 페어리","물, 비행","페어리, 비행"
갑주무사,"땅, 강철","드래곤, 고스트","바위, 악","전기, 불꽃","악, 드래곤","비행, 강철","고스트, 페어리","벌레, 강철","페어리, 비행","강철, 드래곤"
만마드,"드래곤, 고스트","고스트, 페어리","페어리, 비행","전기, 불꽃","전기, 물","바위, 악","악, 드래곤","물, 비행",얼음,"비행, 강철"
해무기,"드래곤, 고스트","땅, 강철","고스트, 페어리","바위, 악","전기, 불꽃","악, 드래곤","페어리, 비행","비행, 강철","전기, 물",얼음
버랜지나,"땅, 강철","드래곤, 고스트","고스트, 페어리","바위, 악","전기, 불꽃","전기, 물","악, 드래곤","독, 물","물, 땅","풀, 강철"
스트린더,"드래곤, 고스트","비행, 강철","땅, 강철","고스트, 페어리","물, 비행","악, 드래곤","바위, 악","악, 페어리","페어리, 비행",불꽃
맘모꾸리,"드래곤, 고스트","비행, 강철","고스트, 페어리","악, 드래곤","전기, 물","전기, 불꽃","물, 비행","페어리, 비행","바위, 악","풀, 강철"
전툴라,"벌레, 강철","물, 드래곤","땅, 강철","드래곤, 고스트","페어리, 비행","고스트, 페어리","악, 드래곤","바위, 악",얼음,"비행, 강철"
얼음귀신,"고스트, 페어리","드래곤, 고스트","땅, 강철","악, 페어리","비행, 강철","페어리, 비행","바위, 악","악, 드래곤","전기, 불꽃",땅
플라이곤,"고스트, 페어리","비행, 강철","바위, 악","전기, 불꽃","드래곤, 고스트","페어리, 비행","전기, 물","땅, 강철","물, 비행",페어리
워글,"땅, 강철","드래곤, 고스트","악, 드래곤","고스트, 페어리","전기, 물","전기, 불꽃","바위, 악","비행, 강철",페어리,얼음
코터스,"불꽃, 비행","고스트, 페어리","땅, 강철","드래곤, 고스트","바위, 악","전기, 물","물, 드래곤","강철, 드래곤","에스퍼, 페어리","강철, 고스트"
쥬피썬더,페어리,악,물,얼음,불꽃,에스퍼,"물, 비행","드래곤, 고스트","고스트, 페어리","비행, 강철"
토게데마루,"땅, 강철","드래곤, 고스트","고스트, 페어리","페어리, 비행","악, 드래곤","비행, 강철","물, 비행","바위, 악","풀, 페어리",페어리
꼬치조,"드래곤, 고스트","땅, 강철","물, 비행","비행, 강철","고스트, 페어리","전기, 불꽃","풀, 강철","악, 페어리","악, 드래곤","페어리, 비행"
사다이사,"땅, 강철","고스트, 페어리","드래곤, 고스트","악, 드래곤","비행, 강철","전기, 불꽃",얼음,"페어리, 비행","전기, 물","악, 페어리"
다태우지네,"벌레, 강철","드래곤, 고스트","비행, 강철","땅, 강철","전기, 물","고스트, 페어리","벌레, 물","벌레, 전기","악, 페어리","악, 드래곤"
샤미드,페어리,악,얼음,전기,불꽃,"땅, 강철",에스퍼,"드래곤, 고스트","고스트, 페어리",풀
드래피온,"드래곤, 고스트","땅, 강철","바위, 악","페어리, 비행","비행, 강철","고스트, 페어리","전기, 불꽃","악, 드래곤","전기, 물","물, 비행"
패리퍼,"물, 드래곤","땅, 강철","풀, 강철","드래곤, 고스트",물,"고스트, 페어리","물, 땅","물, 풀","전기, 불꽃","물, 바위"
기가이어스,"드래곤, 고스트","땅, 강철","비행, 강철","악, 드래곤","고스트, 페어리","페어리, 비행","전기, 물","전기, 풀",불꽃,드래곤
윽우지,"드래곤, 고스트","고스트, 페어리","땅, 강철","전기, 불꽃","비행, 강철","바위, 악","악, 페어리",얼음,"페어리, 비행","악, 드래곤"
깨비물거미,"땅, 강철","고스트, 페어리","드래곤, 고스트","벌레, 강철","비행, 강철","전기, 불꽃","바위, 악","악, 드래곤","전기, 드래곤","페어리, 비행"
고디모아젤,"땅, 강철","드래곤, 고스트","고스트, 페어리","페어리, 비행","악, 페어리","비행, 강철","바위, 악","악, 드래곤","벌레, 강철","풀, 페어리"
픽시,"드래곤, 고스트","땅, 강철","비행, 강철","바위, 악","물, 비행","전기, 불꽃","고스트, 페어리","악, 페어리",노말,"악, 드래곤"
배바닐라,"땅, 강철","드래곤, 고스트","고스트, 페어리","바위, 악","페어리, 비행","비행, 강철","전기, 물","전기, 불꽃",얼음,"물, 비행"
달코퀸,"드래곤, 고스트","땅, 강철","전기, 불꽃","바위, 악","전기, 물","고스트, 페어리","악, 드래곤","비행, 강철","페어리, 비행",페어리
음번,"땅, 강철","고스트, 페어리","바위, 악","비행, 강철","전기, 불꽃","전기, 물","드래곤, 고스트",드래곤,"악, 강철","강철, 드래곤"
드래펄트,"고스트, 페어리","땅, 강철","비행, 강철","페어리, 비행","물, 비행","전기, 물","바위, 악","전기, 불꽃",얼음,"악, 드래곤"
따라큐,"드래곤, 고스트","땅, 강철","악, 드래곤","페어리, 비행","비행, 강철","물, 비행","전기, 물","전기, 불꽃",얼음,"바위, 악"
몰드류,"드래곤, 고스트","고스트, 페어리","페어리, 비행","물, 비행","악, 드래곤","비행, 강철","전기, 물","바위, 악","전기, 불꽃",얼음
토게키스,"땅, 강철","드래곤, 고스트","고스트, 페어리","전기, 물","악, 드래곤",얼음,"물, 비행","비행, 강철","악, 페어리","바위, 악"
아머까오,"드래곤, 고스트","고스트, 페어리","땅, 강철","악, 드래곤","바위, 악","전기, 불꽃","전기, 물","페어리, 비행","물, 비행",얼음
갸라도스,"땅, 강철","드래곤, 고스트","고스트, 페어리","전기, 불꽃","악, 드래곤","페어리, 비행","비행, 강철","바위, 악",땅,얼음
삼삼드래,"고스트, 페어리","땅, 강철","드래곤, 고스트","비행, 강철","물, 비행","페어리, 비행","강철, 고스트","전기, 물",땅,불꽃
로토무,"드래곤, 고스트","땅, 강철","고스트, 페어리","페어리, 비행","비행, 강철","악, 드래곤","바위, 악",얼음,불꽃,"물, 비행"
마기라스,"드래곤, 고스트","땅, 강철","고스트, 페어리","비행, 강철","물, 비행","페어리, 비행","전기, 물","악, 드래곤","전기, 불꽃",얼음
로토무,"드래곤, 고스트","땅, 강철","고스트, 페어리","물, 비행","비행, 강철","페어리, 비행","악, 드래곤","바위, 악",얼음,"풀, 강철"
불비달마,"고스트, 페어리","드래곤, 고스트","땅, 강철","페어리, 비행","비행, 강철","물, 비행","악, 드래곤","전기, 물","전기, 불꽃","바위, 악"
님피아,"드래곤, 고스트","땅, 강철","비행, 강철","물, 비행","전기, 물","악, 드래곤","고스트, 페어리","전기, 불꽃","바위, 악",악
에이스번,"고스트, 페어리","드래곤, 고스트","악, 드래곤","땅, 강철","전기, 물","페어리, 비행","비행, 강철","물, 비행","물, 얼음","전기, 풀"
잠만보,"드래곤, 고스트","고스트, 페어리","페어리, 비행","땅, 강철","악, 드래곤","비행, 강철","물, 비행","전기, 물",얼음,땅
오롱털,"땅, 강철","드래곤, 고스트","페어리, 비행","고스트, 페어리","물, 비행","비행, 강철","악, 드래곤","전기, 물","전기, 불꽃","바위, 악"
파르셀,"드래곤, 고스트","고스트, 페어리","페어리, 비행","악, 드래곤","땅, 강철",불꽃,"물, 비행","전기, 물","전기, 불꽃","비행, 강철"
하마돈,"고스트, 페어리","악, 드래곤","땅, 강철","드래곤, 고스트","물, 비행","페어리, 비행","전기, 물",얼음,"비행, 강철","강철, 고스트"
킬가르도,"악, 드래곤","고스트, 페어리","땅, 강철","드래곤, 고스트","물, 비행","페어리, 비행",땅,"비행, 강철","전기, 물",노말
리자몽,"땅, 강철","고스트, 페어리","드래곤, 고스트","전기, 물","바위, 악","물, 비행","비행, 강철","악, 드래곤",얼음,페어리
블래키,"드래곤, 고스트","땅, 강철","고스트, 페어리","페어리, 비행",페어리,"물, 비행","전기, 물","전기, 불꽃","비행, 강철",얼음
더시마사리,"드래곤, 고스트","비행, 강철","땅, 강철","고스트, 페어리","바위, 악","악, 드래곤","페어리, 비행","전기, 불꽃",얼음,"물, 땅"
아이앤트,"드래곤, 고스트",노말,"전기, 물","페어리, 비행","고스트, 페어리","땅, 강철","악, 드래곤","물, 비행",페어리,"전기, 불꽃"
너트령,"드래곤, 고스트","고스트, 페어리","페어리, 비행","물, 비행","땅, 강철","전기, 불꽃","바위, 악","전기, 물","악, 드래곤","독, 물"
엘풍,"땅, 강철","드래곤, 고스트","고스트, 페어리","물, 비행","페어리, 비행","바위, 악","전기, 불꽃","악, 드래곤","비행, 강철",얼음
로토무,"땅, 강철","고스트, 페어리","드래곤, 고스트","물, 비행","페어리, 비행","바위, 악","악, 드래곤","비행, 강철",불꽃,땅
파치래곤,"비행, 강철","고스트, 페어리","땅, 강철","드래곤, 고스트","페어리, 비행","물, 비행","악, 드래곤","풀, 페어리",페어리,얼음
라프라스,"땅, 강철","드래곤, 고스트","고스트, 페어리","비행, 강철","페어리, 비행","전기, 불꽃","악, 드래곤",불꽃,"바위, 악","불꽃, 비행"
어래곤,"고스트, 페어리","드래곤, 고스트","땅, 강철","페어리, 비행","비행, 강철","전기, 불꽃","바위, 악","악, 페어리","풀, 페어리","악, 드래곤"
윈디,"드래곤, 고스트","고스트, 페어리","땅, 강철","물, 비행","비행, 강철","악, 드래곤","전기, 물","페어리, 비행","바위, 악","전기, 풀"
거대코뿌리,"고스트, 페어리","드래곤, 고스트","악, 드래곤","비행, 강철","물, 비행","페어리, 비행","에스퍼, 페어리",불꽃,"전기, 물",얼음
액스라이즈,"드래곤, 고스트","고스트, 페어리","페어리, 비행","물, 비행","전기, 불꽃","비행, 강철","전기, 물","바위, 악",페어리,"불꽃, 비행"
노보청,"땅, 강철","드래곤, 고스트","고스트, 페어리","페어리, 비행","전기, 불꽃","물, 비행","전기, 물","악, 드래곤","바위, 악","비행, 강철"
두랄루돈,"드래곤, 고스트","고스트, 페어리","물, 비행","땅, 강철","페어리, 비행","비행, 강철","악, 드래곤",얼음,불꽃,"바위, 악"
트리토돈,"비행, 강철","드래곤, 고스트","고스트, 페어리","페어리, 비행","전기, 불꽃","땅, 강철",얼음,"바위, 악","독, 물","악, 드래곤"
브리무음,"드래곤, 고스트","땅, 강철","고스트, 페어리","비행, 강철","땅, 바위","바위, 악","물, 비행",얼음,"전기, 불꽃",불꽃
샹델라,"땅, 강철","고스트, 페어리","드래곤, 고스트","비행, 강철","물, 비행","전기, 물","바위, 악","페어리, 비행","악, 드래곤",페어리
코산호,"땅, 강철","드래곤, 고스트","고스트, 페어리","바위, 악","페어리, 비행","물, 비행","전기, 불꽃","악, 드래곤","비행, 강철",얼음
두빅굴,"고스트, 페어리","드래곤, 고스트","페어리, 비행","비행, 강철","물, 얼음","땅, 강철","전기, 불꽃","악, 드래곤",얼음,"전기, 드래곤"
루카리오,"드래곤, 고스트","고스트, 페어리","물, 비행","페어리, 비행","전기, 물","땅, 강철","악, 드래곤","전기, 불꽃","불꽃, 비행","바위, 악"
누오,"드래곤, 고스트","비행, 강철","독, 물","바위, 악","고스트, 페어리","땅, 강철","페어리, 비행",페어리,"전기, 불꽃",노말
루차불,"고스트, 페어리","드래곤, 고스트","땅, 강철","전기, 물",악,불꽃,페어리,"전기, 드래곤","악, 드래곤","전기, 불꽃"
밀로틱,"땅, 강철","드래곤, 고스트","고스트, 페어리","페어리, 비행","악, 드래곤","바위, 악","비행, 강철","전기, 불꽃",페어리,노말
타입:널,"벌레, 강철","드래곤, 고스트","전기, 물","고스트, 페어리","땅, 강철",페어리,"페어리, 비행",얼음,"악, 드래곤","물, 비행"
파르토,"고스트, 페어리","드래곤, 고스트","악, 드래곤","물, 얼음",불꽃,"페어리, 비행","비행, 강철","전기, 물","물, 비행","전기, 불꽃"
인텔리레온,"고스트, 페어리","드래곤, 고스트","땅, 강철","비행, 강철","페어리, 비행","악, 드래곤",얼음,"바위, 악",불꽃,"전기, 불꽃"
절각참,"드래곤, 고스트","고스트, 페어리","물, 비행","페어리, 비행","전기, 불꽃","악, 드래곤","땅, 강철","전기, 물","비행, 강철","바위, 악"
마휘핑,"드래곤, 고스트","비행, 강철","땅, 강철","독, 물","물, 비행","고스트, 페어리","바위, 악","전기, 불꽃","전기, 물","물, 땅"
미끄래곤,"땅, 강철","고스트, 페어리","비행, 강철","드래곤, 고스트","페어리, 비행","물, 비행","바위, 악",얼음,"전기, 물","전기, 불꽃"
글레이시아,"땅, 강철","드래곤, 고스트","고스트, 페어리",페어리,악,"물, 비행","비행, 강철","전기, 불꽃","악, 드래곤","전기, 물"
가로막구리,"드래곤, 고스트","땅, 강철","고스트, 페어리","비행, 강철","페어리, 비행","물, 비행","전기, 불꽃","전기, 물",페어리,불꽃
가디안,"드래곤, 고스트","땅, 강철","고스트, 페어리","비행, 강철","물, 비행","바위, 악","전기, 물",불꽃,"전기, 불꽃","악, 드래곤"
메타몽,"드래곤, 고스트","고스트, 페어리","비행, 강철","독, 물","땅, 강철","페어리, 비행","전기, 불꽃","악, 드래곤","악, 페어리","물, 땅"
고릴타,"드래곤, 고스트","땅, 강철","고스트, 페어리","전기, 불꽃","전기, 물","물, 비행","페어리, 비행","비행, 강철",불꽃,"바위, 악"
코터스,"고스트, 페어리","불꽃, 비행",악,"땅, 강철","격투, 비행","드래곤, 고스트","전기, 드래곤","물, 땅","페어리, 비행","전기, 물"
포트데스,"드래곤, 고스트","고스트, 페어리","물, 비행","땅, 강철","페어리, 비행","악, 페어리","바위, 악","비행, 강철","전기, 불꽃",얼음
에브이,악,"드래곤, 고스트","땅, 강철",페어리,"고스트, 페어리","페어리, 비행",물,얼음,"바위, 악","물, 비행"
버터플,"드래곤, 고스트","고스트, 페어리","땅, 강철","풀, 페어리","물, 비행","페어리, 비행","바위, 악","벌레, 강철","악, 페어리","전기, 불꽃"
창파나이트,"드래곤, 고스트","땅, 강철","고스트, 페어리","물, 비행","풀, 페어리","페어리, 비행","비행, 강철","전기, 불꽃","전기, 물",노말
랜턴,"비행, 강철","드래곤, 고스트","고스트, 페어리","물, 비행","땅, 강철","페어리, 비행","악, 드래곤",얼음,"바위, 악",불꽃
또도가스,"드래곤, 고스트","땅, 강철","물, 비행","악, 드래곤","비행, 강철","고스트, 페어리","바위, 악",노말,"전기, 불꽃",불꽃
빙큐보,"드래곤, 고스트","땅, 강철","고스트, 페어리","물, 비행",페어리,"페어리, 비행","전기, 불꽃","바위, 악","비행, 강철","악, 드래곤"
가재장군,"고스트, 페어리","드래곤, 고스트","땅, 강철","페어리, 비행","에스퍼, 페어리","전기, 불꽃","비행, 강철",얼음,"악, 드래곤","바위, 악"
배우르,"땅, 강철","드래곤, 고스트","페어리, 비행","물, 비행","고스트, 페어리","바위, 악","전기, 물",페어리,"전기, 불꽃",페어리
팬텀,"고스트, 페어리","드래곤, 고스트","물, 비행","땅, 강철","비행, 강철","바위, 악",노말,"페어리, 비행","전기, 물","악, 드래곤"
투구뿌논,"고스트, 페어리","땅, 강철","드래곤, 고스트","물, 비행","에스퍼, 페어리","바위, 악","악, 드래곤","비행, 강철",불꽃,얼음
스트린더,"드래곤, 고스트","비행, 강철","고스트, 페어리","땅, 강철","물, 비행","악, 드래곤","페어리, 비행",불꽃,"악, 페어리",얼음
염뉴트,"고스트, 페어리","드래곤, 고스트","땅, 강철","물, 비행","비행, 강철","바위, 악","전기, 물","페어리, 비행","악, 페어리","악, 드래곤"
일레도리자드,"땅, 강철","드래곤, 고스트","고스트, 페어리","비행, 강철","물, 비행","불꽃, 비행",불꽃,"페어리, 비행",페어리,불꽃
짜랑고우거,"땅, 강철","고스트, 페어리","페어리, 비행","드래곤, 고스트","악, 페어리","물, 비행","비행, 강철","바위, 악","물, 얼음","전기, 불꽃"
로토무,"고스트, 페어리","땅, 강철","드래곤, 고스트",얼음,"비행, 강철","바위, 악","악, 드래곤",불꽃,"물, 비행","물, 땅"
샤미드,페어리,악,"땅, 강철",얼음,에스퍼,"드래곤, 고스트","고스트, 페어리",불꽃,전기,"페어리, 비행"
토게데마루,"드래곤, 고스트","땅, 강철","페어리, 비행","고스트, 페어리","물, 비행",페어리,"악, 드래곤","비행, 강철","풀, 페어리","고스트, 불꽃"
석탄산,"드래곤, 고스트","비행, 강철","고스트, 페어리","물, 비행","땅, 강철","풀, 강철","악, 드래곤",악,"페어리, 비행",페어리
모르페코,"고스트, 페어리","드래곤, 고스트","땅, 강철","페어리, 비행","물, 비행","비행, 강철",페어리,"악, 드래곤","바위, 악",불꽃
만마드,"드래곤, 고스트","고스트, 페어리","물, 비행","페어리, 비행","전기, 불꽃","물, 얼음","악, 드래곤","전기, 물",페어리,"바위, 악"
갑주무사,"땅, 강철","드래곤, 고스트","악, 드래곤","전기, 불꽃","바위, 악","고스트, 페어리","벌레, 강철","전기, 물","페어리, 비행","비행, 강철"
스트린더,"드래곤, 고스트","비행, 강철","물, 비행","땅, 강철","고스트, 페어리","악, 드래곤","페어리, 비행","악, 페어리","바위, 악",불꽃
맘모꾸리,"드래곤, 고스트","고스트, 페어리","비행, 강철","물, 비행","페어리, 비행","악, 드래곤","전기, 물","전기, 불꽃",얼음,"고스트, 불꽃"
모스노우,"드래곤, 고스트","땅, 강철","고스트, 페어리","비행, 강철","물, 비행","전기, 불꽃","전기, 물","바위, 악","벌레, 강철","악, 페어리"
해무기,"드래곤, 고스트","땅, 강철","고스트, 페어리","페어리, 비행","바위, 악","전기, 불꽃",페어리,얼음,"물, 비행","비행, 강철"
기가이어스,"드래곤, 고스트","땅, 강철","악, 드래곤","비행, 강철","고스트, 페어리","물, 비행","전기, 풀","페어리, 비행","고스트, 불꽃","전기, 물"
동탁군,"드래곤, 고스트","땅, 강철","고스트, 페어리","에스퍼, 페어리","물, 비행","악, 드래곤","비행, 강철","페어리, 비행","전기, 불꽃",노말
플라이곤,"고스트, 페어리","비행, 강철","물, 비행","페어리, 비행","드래곤, 고스트","바위, 악","전기, 불꽃","전기, 물",페어리,"물, 얼음"
픽시,"드래곤, 고스트","땅, 강철","물, 비행","비행, 강철",노말,"고스트, 페어리","바위, 악","전기, 불꽃","악, 드래곤","악, 페어리"
요씽리스,"드래곤, 고스트","고스트, 페어리","땅, 강철","물, 비행","페어리, 비행","전기, 불꽃","에스퍼, 페어리","악, 드래곤","전기, 물",얼음
버랜지나,"땅, 강철","드래곤, 고스트","고스트, 페어리","바위, 악","전기, 불꽃","전기, 물","악, 드래곤",페어리,불꽃,"페어리, 비행"
쥬피썬더,페어리,악,물,에스퍼,얼음,불꽃,"물, 비행","드래곤, 고스트","땅, 강철","고스트, 페어리"
다태우지네,"벌레, 강철","드래곤, 고스트","비행, 강철","땅, 강철","벌레, 물","고스트, 페어리","물, 비행","전기, 물","벌레, 전기","얼음, 벌레"
전툴라,"벌레, 강철","드래곤, 고스트","땅, 강철","물, 드래곤","페어리, 비행","고스트, 페어리",얼음,"물, 비행","악, 드래곤","바위, 악"
드래피온,"드래곤, 고스트","땅, 강철","물, 비행","페어리, 비행","고스트, 페어리","악, 드래곤","전기, 불꽃","바위, 악","비행, 강철","전기, 물"
워글,"드래곤, 고스트","땅, 강철","악, 드래곤","전기, 물","고스트, 페어리",페어리,"전기, 불꽃",불꽃,"고스트, 불꽃",얼음
꼬치조,"물, 비행","드래곤, 고스트","땅, 강철","페어리, 비행","고스트, 페어리","풀, 강철","전기, 불꽃","비행, 강철","악, 드래곤","악, 페어리"
패리퍼,"물, 드래곤","물, 바위","물, 땅","땅, 강철",물,"드래곤, 고스트","풀, 강철","고스트, 페어리","물, 풀","전기, 불꽃"
사다이사,"땅, 강철","드래곤, 고스트","고스트, 페어리","비행, 강철","물, 비행","악, 드래곤","페어리, 비행","전기, 불꽃","악, 페어리","전기, 물"
치라치노,"드래곤, 고스트","고스트, 페어리","땅, 강철","페어리, 비행",페어리,"풀, 페어리","전기, 불꽃","물, 비행","비행, 강철","전기, 물"
로파파,"땅, 강철","드래곤, 고스트","고스트, 페어리","물, 비행","전기, 불꽃","바위, 악","페어리, 비행","비행, 강철",불꽃,"풀, 강철"
배바닐라,"땅, 강철","드래곤, 고스트","고스트, 페어리","물, 비행",얼음,"페어리, 비행","바위, 악","전기, 불꽃","악, 드래곤","전기, 물"
강철톤,"물, 비행","드래곤, 고스트","고스트, 페어리","페어리, 비행","바위, 악","악, 드래곤","에스퍼, 페어리","불꽃, 비행","물, 얼음","고스트, 불꽃"
음번,"땅, 강철","고스트, 페어리","바위, 악","전기, 물","비행, 강철","물, 비행",페어리,"전기, 불꽃","드래곤, 고스트",불꽃
드래펄트,"고스트, 페어리","땅, 강철","페어리, 비행","물, 비행",노말,"비행, 강철","전기, 물","전기, 불꽃","바위, 악",얼음
따라큐,"드래곤, 고스트","땅, 강철","페어리, 비행","악, 드래곤",노말,"물, 비행","비행, 강철","전기, 물",땅,"강철, 고스트"
몰드류,"드래곤, 고스트","고스트, 페어리","페어리, 비행","물, 비행","악, 드래곤","전기, 물","비행, 강철","전기, 불꽃","바위, 악",노말
토게키스,"드래곤, 고스트","고스트, 페어리","땅, 강철",노말,"물, 비행","전기, 물","악, 드래곤",땅,"강철, 고스트","비행, 강철"
갸라도스,"드래곤, 고스트","고스트, 페어리","땅, 강철","악, 드래곤","페어리, 비행","전기, 불꽃",노말,땅,"강철, 고스트",페어리
삼삼드래,"고스트, 페어리","땅, 강철","물, 비행","강철, 고스트","페어리, 비행",노말,"드래곤, 고스트",땅,"비행, 강철","전기, 물"
잠만보,"고스트, 페어리","드래곤, 고스트","페어리, 비행","물, 비행","악, 드래곤","땅, 강철","강철, 고스트",땅,"전기, 물","비행, 강철"
아머까오,"드래곤, 고스트","고스트, 페어리","땅, 강철","악, 드래곤","바위, 악","페어리, 비행","전기, 불꽃","물, 비행","전기, 물",노말
로토무,"드래곤, 고스트","고스트, 페어리","땅, 강철","페어리, 비행",노말,"악, 드래곤","비행, 강철",불꽃,"물, 비행",얼음
로토무,"드래곤, 고스트","고스트, 페어리","땅, 강철","물, 비행","페어리, 비행","비행, 강철","악, 드래곤",노말,"풀, 강철","바위, 악"
마기라스,"드래곤, 고스트","땅, 강철","고스트, 페어리","비행, 강철","페어리, 비행","물, 비행","악, 드래곤","전기, 물","전기, 불꽃","독, 물"
킬가르도,"악, 드래곤","고스트, 페어리","물, 비행",노말,"페어리, 비행",땅,"드래곤, 고스트","땅, 강철","전기, 물","전기, 불꽃"
하마돈,"고스트, 페어리","페어리, 비행","물, 비행","드래곤, 고스트","악, 드래곤","강철, 고스트",노말,"땅, 강철","전기, 물","전기, 불꽃"
불비달마,"드래곤, 고스트","고스트, 페어리","페어리, 비행","땅, 강철","물, 비행","전기, 물","악, 드래곤","비행, 강철",노말,"전기, 불꽃"
님피아,"드래곤, 고스트","땅, 강철","물, 비행","비행, 강철","악, 드래곤","고스트, 페어리","전기, 물","전기, 불꽃",노말,"바위, 악"
에이스번,"드래곤, 고스트","고스트, 페어리","페어리, 비행","땅, 강철","전기, 물","악, 드래곤","물, 비행","비행, 강철",노말,"전기, 풀"
오롱털,"땅, 강철","페어리, 비행","드래곤, 고스트","고스트, 페어리","물, 비행",노말,"비행, 강철","악, 드래곤","전기, 불꽃","물, 얼음"
너트령,"드래곤, 고스트","페어리, 비행","고스트, 페어리","물, 비행","전기, 불꽃","땅, 강철","독, 물",노말,"악, 드래곤","전기, 물"
파르셀,"드래곤, 고스트","고스트, 페어리","페어리, 비행","땅, 강철","악, 드래곤","물, 비행","악, 페어리",노말,"전기, 물","전기, 불꽃"
더시마사리,"드래곤, 고스트","땅, 강철","비행, 강철","고스트, 페어리","페어리, 비행","악, 드래곤","풀, 강철","전기, 불꽃","바위, 악",노말
파치래곤,"고스트, 페어리","비행, 강철","페어리, 비행","땅, 강철","드래곤, 고스트",노말,"물, 비행","강철, 고스트","악, 드래곤",페어리
라프라스,"고스트, 페어리","드래곤, 고스트","땅, 강철","페어리, 비행",땅,"비행, 강철","전기, 불꽃","물, 드래곤","악, 드래곤",노말
어래곤,"고스트, 페어리","드래곤, 고스트","페어리, 비행","땅, 강철",땅,노말,"물, 얼음","비행, 강철","전기, 불꽃","악, 페어리"
리자몽,"고스트, 페어리","땅, 강철","드래곤, 고스트","전기, 물","물, 비행",노말,"바위, 악","비행, 강철","악, 드래곤",페어리
로토무,"고스트, 페어리","드래곤, 고스트","땅, 강철","페어리, 비행","물, 비행","악, 드래곤",불꽃,"비행, 강철",노말,"바위, 악"
아이앤트,"드래곤, 고스트","페어리, 비행","고스트, 페어리","악, 드래곤",노말,"땅, 강철","전기, 물","물, 비행",페어리,"전기, 불꽃"
엘풍,"땅, 강철","드래곤, 고스트","고스트, 페어리","물, 비행","페어리, 비행","전기, 불꽃","바위, 악","악, 드래곤","비행, 강철",얼음
블래키,"땅, 강철","드래곤, 고스트","고스트, 페어리","페어리, 비행",페어리,"물, 비행","전기, 불꽃","전기, 물","비행, 강철","악, 드래곤"
윈디,"드래곤, 고스트","고스트, 페어리","땅, 강철","물, 비행","페어리, 비행","비행, 강철","악, 드래곤","전기, 물",노말,"바위, 악"
액스라이즈,"페어리, 비행","고스트, 페어리","드래곤, 고스트","물, 비행","전기, 불꽃","비행, 강철","전기, 물","바위, 악",페어리,"불꽃, 비행"
거대코뿌리,"고스트, 페어리","드래곤, 고스트","악, 드래곤","페어리, 비행","물, 비행","비행, 강철","에스퍼, 페어리","강철, 고스트","전기, 물","전기, 풀"
샹델라,"땅, 강철","고스트, 페어리","드래곤, 고스트","비행, 강철","물, 비행","페어리, 비행","전기, 물","바위, 악",페어리,노말
두랄루돈,"드래곤, 고스트","고스트, 페어리","물, 비행","페어리, 비행","땅, 강철","비행, 강철",불꽃,"악, 드래곤",얼음,"전기, 불꽃"
트리토돈,"비행, 강철","고스트, 페어리","드래곤, 고스트","페어리, 비행","땅, 강철","전기, 불꽃",노말,"물, 비행","악, 드래곤","바위, 악"
노보청,"땅, 강철","드래곤, 고스트","고스트, 페어리","페어리, 비행","물, 비행","전기, 불꽃","악, 드래곤","전기, 물",노말,"비행, 강철"
루카리오,"드래곤, 고스트","고스트, 페어리","페어리, 비행","물, 비행","악, 드래곤","전기, 물","땅, 강철","전기, 불꽃",노말,"불꽃, 비행"
브리무음,"드래곤, 고스트","땅, 강철","고스트, 페어리","비행, 강철",노말,"물, 비행","땅, 바위","페어리, 비행","바위, 악","전기, 물"
코산호,"땅, 강철","드래곤, 고스트","페어리, 비행","고스트, 페어리","바위, 악","물, 비행",노말,"전기, 불꽃","악, 드래곤","독, 물"
두빅굴,"고스트, 페어리","드래곤, 고스트","페어리, 비행","비행, 강철","전기, 불꽃",노말,"땅, 강철","악, 드래곤","풀, 강철","전기, 드래곤"
밀로틱,"드래곤, 고스트","땅, 강철","고스트, 페어리","페어리, 비행","악, 드래곤",노말,"바위, 악","전기, 불꽃","비행, 강철",페어리
누오,"드래곤, 고스트","독, 물","비행, 강철","바위, 악","고스트, 페어리","땅, 강철","페어리, 비행",노말,"전기, 불꽃",페어리
루차불,"땅, 강철","고스트, 페어리","드래곤, 고스트",불꽃,악,"전기, 물","악, 드래곤",노말,"페어리, 비행","전기, 불꽃"
빙큐보,"페어리, 비행","드래곤, 고스트","땅, 강철","전기, 불꽃",노말,"고스트, 페어리","물, 비행",페어리,"악, 드래곤","바위, 악"
미끄래곤,"땅, 강철","고스트, 페어리","비행, 강철","드래곤, 고스트","물, 비행","페어리, 비행","바위, 악",얼음,페어리,"전기, 물"
파르토,"고스트, 페어리","드래곤, 고스트","페어리, 비행","악, 드래곤",불꽃,"물, 얼음","물, 비행","전기, 물","비행, 강철",노말
픽시,"드래곤, 고스트",노말,"땅, 강철","비행, 강철","고스트, 페어리","물, 비행","악, 드래곤","독, 물",불꽃,"바위, 악"
코터스,"고스트, 페어리","땅, 강철","불꽃, 비행","드래곤, 고스트","격투, 비행",악,"페어리, 비행",노말,"물, 비행","전기, 물"
인텔리레온,"고스트, 페어리","드래곤, 고스트","땅, 강철","페어리, 비행","비행, 강철",노말,"악, 드래곤",불꽃,"전기, 불꽃","전기, 드래곤"
가디안,"드래곤, 고스트","땅, 강철","물, 비행","고스트, 페어리","비행, 강철","악, 드래곤","바위, 악",불꽃,"전기, 불꽃","전기, 물"
가재장군,"페어리, 비행","고스트, 페어리","드래곤, 고스트",노말,"전기, 불꽃","땅, 강철","악, 드래곤",얼음,"에스퍼, 페어리","비행, 강철"
메타몽,"드래곤, 고스트","고스트, 페어리","독, 물","땅, 강철","비행, 강철","페어리, 비행",노말,"악, 드래곤","물, 비행","전기, 불꽃"
가로막구리,"드래곤, 고스트","땅, 강철","페어리, 비행","고스트, 페어리","물, 비행","비행, 강철","전기, 불꽃","전기, 물",페어리,"악, 드래곤"
마휘핑,"드래곤, 고스트","땅, 강철","비행, 강철","물, 비행","고스트, 페어리","전기, 불꽃","독, 물","악, 드래곤","전기, 물","바위, 악"
절각참,"드래곤, 고스트","고스트, 페어리","물, 비행","페어리, 비행","악, 드래곤","전기, 불꽃","전기, 물","땅, 강철","비행, 강철",페어리
타입:널,"벌레, 강철","드래곤, 고스트","고스트, 페어리","페어리, 비행","전기, 물","땅, 강철","물, 비행","악, 드래곤",얼음,페어리
창파나이트,"드래곤, 고스트","고스트, 페어리","땅, 강철","페어리, 비행","물, 비행","악, 페어리",노말,"전기, 불꽃","비행, 강철","전기, 물"
고릴타,"드래곤, 고스트","페어리, 비행","전기, 불꽃","땅, 강철","고스트, 페어리","물, 비행",노말,"전기, 물","악, 드래곤",불꽃
에브이,"드래곤, 고스트",악,"땅, 강철",페어리,"고스트, 페어리","페어리, 비행","물, 비행",노말,물,얼음
글레이시아,페어리,"고스트, 페어리","드래곤, 고스트","땅, 강철",악,"물, 비행","악, 드래곤","페어리, 비행",물,"전기, 불꽃"
포트데스,"고스트, 페어리","땅, 강철","드래곤, 고스트","물, 비행","페어리, 비행","악, 페어리","비행, 강철","전기, 불꽃",페어리,"바위, 악"
짜랑고우거,"땅, 강철","페어리, 비행","악, 페어리","고스트, 페어리","물, 얼음","드래곤, 고스트","물, 비행","전기, 불꽃","바위, 악","비행, 강철"
또도가스,"드래곤, 고스트","땅, 강철","물, 비행","악, 드래곤","고스트, 페어리",노말,"비행, 강철","바위, 악","전기, 불꽃","강철, 고스트"
맘모꾸리,"드래곤, 고스트","고스트, 페어리","페어리, 비행","악, 드래곤","물, 비행",노말,"비행, 강철","전기, 물","강철, 고스트","전기, 불꽃"
팬텀,"고스트, 페어리","드래곤, 고스트","물, 비행",노말,"페어리, 비행","땅, 강철","바위, 악","비행, 강철","악, 드래곤","전기, 물"
랜턴,"비행, 강철","드래곤, 고스트","고스트, 페어리","물, 비행","땅, 강철","페어리, 비행","악, 드래곤",불꽃,얼음,"강철, 고스트"
만마드,"드래곤, 고스트","고스트, 페어리","페어리, 비행","물, 비행","전기, 불꽃",노말,"악, 드래곤","전기, 물",페어리,"물, 얼음"
스트린더,"드래곤, 고스트","고스트, 페어리","물, 비행","비행, 강철","땅, 강철","악, 드래곤","페어리, 비행",불꽃,"악, 페어리","바위, 악"
토게데마루,"페어리, 비행","드래곤, 고스트","땅, 강철","고스트, 페어리","물, 비행","악, 드래곤",페어리,"비행, 강철","고스트, 불꽃",불꽃
배우르,"땅, 강철","드래곤, 고스트","페어리, 비행","물, 비행","고스트, 페어리","바위, 악","전기, 물","전기, 불꽃",노말,"악, 페어리"
버터플,"드래곤, 고스트","고스트, 페어리","풀, 페어리","땅, 강철","페어리, 비행","물, 비행","악, 페어리",노말,"물, 얼음","벌레, 강철"
투구뿌논,"고스트, 페어리","드래곤, 고스트","땅, 강철","물, 비행","악, 드래곤","에스퍼, 페어리","페어리, 비행","바위, 악",노말,"비행, 강철"
일레도리자드,"땅, 강철","고스트, 페어리","드래곤, 고스트","비행, 강철","물, 비행","페어리, 비행","불꽃, 비행",불꽃,불꽃,"악, 드래곤"
스트린더,"드래곤, 고스트","물, 비행","비행, 강철","고스트, 페어리","땅, 강철","악, 드래곤","페어리, 비행","악, 페어리",불꽃,"바위, 악"
샤미드,페어리,악,"땅, 강철","드래곤, 고스트",얼음,에스퍼,전기,불꽃,"고스트, 페어리","페어리, 비행"
해무기,"드래곤, 고스트","땅, 강철","고스트, 페어리","페어리, 비행","물, 비행",노말,페어리,"비행, 강철","바위, 악","전기, 불꽃"
염뉴트,"고스트, 페어리","드래곤, 고스트","땅, 강철","비행, 강철","물, 비행","페어리, 비행","바위, 악","전기, 물","악, 드래곤","악, 페어리"
기가이어스,"드래곤, 고스트","땅, 강철","악, 드래곤","고스트, 페어리","비행, 강철","페어리, 비행",불꽃,노말,"고스트, 불꽃","물, 비행"
모르페코,"드래곤, 고스트","고스트, 페어리","페어리, 비행","땅, 강철","물, 비행",페어리,"비행, 강철","악, 드래곤","물, 얼음","불꽃, 비행"
크레베이스,노말,"드래곤, 고스트","독, 물","땅, 강철","물, 땅","페어리, 비행","비행, 강철","고스트, 페어리","바위, 악","물, 비행"
석탄산,"드래곤, 고스트","비행, 강철","풀, 강철","물, 비행","고스트, 페어리","땅, 강철","악, 드래곤","페어리, 비행","악, 페어리",페어리
쥬피썬더,페어리,악,물,얼음,"물, 비행",에스퍼,불꽃,"드래곤, 고스트","땅, 강철",풀
동탁군,"드래곤, 고스트","땅, 강철","고스트, 페어리","물, 비행","에스퍼, 페어리","페어리, 비행","악, 드래곤","비행, 강철",노말,"전기, 불꽃"
로토무,"땅, 강철","고스트, 페어리","드래곤, 고스트",노말,"물, 비행","악, 드래곤",불꽃,"비행, 강철",얼음,페어리
갑주무사,"드래곤, 고스트","땅, 강철","악, 드래곤","벌레, 강철","전기, 불꽃","페어리, 비행","고스트, 페어리","바위, 악","비행, 강철","강철, 고스트"
치라치노,"드래곤, 고스트","페어리, 비행","고스트, 페어리","땅, 강철",페어리,"전기, 불꽃","풀, 페어리","물, 비행","비행, 강철","악, 드래곤"
쌍검킬,"악, 드래곤","물, 비행","페어리, 비행",노말,"드래곤, 고스트","고스트, 페어리","땅, 강철","얼음, 땅",페어리,"전기, 불꽃"
워글,"드래곤, 고스트","땅, 강철","악, 드래곤","고스트, 페어리","전기, 물","전기, 불꽃",페어리,"강철, 고스트","고스트, 불꽃",불꽃
드래피온,"드래곤, 고스트","땅, 강철","물, 비행","페어리, 비행","고스트, 페어리","악, 드래곤","비행, 강철","전기, 물","전기, 불꽃",불꽃
요씽리스,"드래곤, 고스트","고스트, 페어리","땅, 강철","페어리, 비행","물, 비행","에스퍼, 페어리","악, 드래곤","전기, 불꽃",페어리,얼음
버랜지나,"땅, 강철","드래곤, 고스트","고스트, 페어리","바위, 악","전기, 불꽃","악, 드래곤","페어리, 비행",노말,페어리,"전기, 물"
다태우지네,"드래곤, 고스트","고스트, 페어리","벌레, 강철","비행, 강철","땅, 강철","악, 드래곤","페어리, 비행","물, 비행",노말,"벌레, 물"
나인테일,"땅, 강철","드래곤, 고스트","고스트, 페어리","불꽃, 비행",풀,"페어리, 비행","비행, 강철","물, 비행",페어리,"바위, 악"
모스노우,"드래곤, 고스트","땅, 강철","물, 비행","비행, 강철","고스트, 페어리","벌레, 강철","전기, 불꽃","바위, 악","악, 페어리","전기, 물"
꼬치조,"드래곤, 고스트","땅, 강철","물, 비행","고스트, 페어리","페어리, 비행","전기, 불꽃","풀, 강철","악, 드래곤",페어리,"악, 페어리"
플라이곤,"비행, 강철","고스트, 페어리","전기, 불꽃","페어리, 비행","드래곤, 고스트","물, 비행",페어리,"전기, 물","바위, 악","물, 얼음"
전툴라,"벌레, 강철","물, 드래곤","드래곤, 고스트","고스트, 페어리","땅, 강철","페어리, 비행","물, 비행","악, 드래곤",얼음,"불꽃, 벌레"
음번,"땅, 강철","고스트, 페어리","물, 비행","전기, 물","바위, 악","전기, 불꽃","비행, 강철","드래곤, 고스트",드래곤,노말
로파파,"드래곤, 고스트","고스트, 페어리","땅, 강철","물, 비행","전기, 불꽃","페어리, 비행",노말,"비행, 강철","바위, 악",불꽃
강철톤,"드래곤, 고스트","물, 비행","고스트, 페어리","페어리, 비행","악, 드래곤","바위, 악",노말,"에스퍼, 페어리","물, 얼음",얼음
드래펄트,"고스트, 페어리","페어리, 비행","땅, 강철",노말,"전기, 불꽃","비행, 강철","전기, 물","물, 얼음","물, 비행","풀, 강철"
따라큐,"드래곤, 고스트",노말,"페어리, 비행","땅, 강철","물, 얼음","전기, 불꽃","비행, 강철","전기, 물","물, 비행","악, 드래곤"
몰드류,"드래곤, 고스트","고스트, 페어리","페어리, 비행",노말,"물, 비행","전기, 불꽃","물, 얼음","전기, 물","비행, 강철","악, 드래곤"
토게키스,"드래곤, 고스트","고스트, 페어리","땅, 강철",노말,"전기, 물","전기, 불꽃","물, 비행","물, 얼음","전기, 드래곤","강철, 고스트"
잠만보,"고스트, 페어리","드래곤, 고스트","페어리, 비행","땅, 강철","물, 얼음","강철, 고스트","전기, 물","물, 비행","전기, 불꽃","비행, 강철"
갸라도스,"드래곤, 고스트","고스트, 페어리","땅, 강철","페어리, 비행",노말,"전기, 불꽃","악, 드래곤",땅,"강철, 고스트","풀, 강철"
아머까오,"드래곤, 고스트","고스트, 페어리","땅, 강철",노말,"페어리, 비행","전기, 불꽃","전기, 드래곤","바위, 악","악, 드래곤","물, 얼음"
로토무,"드래곤, 고스트","고스트, 페어리","땅, 강철","페어리, 비행",노말,"물, 비행","비행, 강철","풀, 강철","물, 얼음","악, 드래곤"
라프라스,"고스트, 페어리","드래곤, 고스트","땅, 강철",노말,"페어리, 비행","전기, 불꽃","비행, 강철","전기, 드래곤",얼음,땅
로토무,"드래곤, 고스트","고스트, 페어리","페어리, 비행","땅, 강철",노말,"비행, 강철",얼음,"악, 드래곤","강철, 고스트",불꽃
삼삼드래,"고스트, 페어리","땅, 강철","강철, 고스트",노말,"물, 비행","페어리, 비행","비행, 강철","드래곤, 고스트","전기, 불꽃",땅
파치래곤,"고스트, 페어리","페어리, 비행","드래곤, 고스트","땅, 강철",노말,"비행, 강철","물, 얼음","물, 비행","강철, 고스트","물, 페어리"
불비달마,"드래곤, 고스트","고스트, 페어리","페어리, 비행","땅, 강철",노말,"비행, 강철","전기, 물","물, 비행","물, 얼음","전기, 불꽃"
킬가르도,"고스트, 페어리",노말,"드래곤, 고스트","페어리, 비행","악, 드래곤","물, 비행","땅, 강철","전기, 물",땅,"전기, 드래곤"
마기라스,"드래곤, 고스트","땅, 강철","고스트, 페어리","페어리, 비행","비행, 강철","물, 비행","전기, 불꽃","전기, 물","악, 드래곤","풀, 강철"
너트령,"드래곤, 고스트","고스트, 페어리","페어리, 비행",노말,"전기, 불꽃","땅, 강철","물, 비행","전기, 물","독, 물","악, 드래곤"
하마돈,"고스트, 페어리","드래곤, 고스트","페어리, 비행","물, 비행",노말,"땅, 강철","악, 드래곤","전기, 불꽃","강철, 고스트","물, 얼음"
님피아,"드래곤, 고스트","땅, 강철","물, 비행","고스트, 페어리","비행, 강철",노말,"전기, 불꽃","전기, 물","악, 드래곤","전기, 드래곤"
오롱털,"땅, 강철","드래곤, 고스트","페어리, 비행","고스트, 페어리",노말,"물, 비행","비행, 강철","전기, 불꽃","전기, 물","전기, 드래곤"
에이스번,"드래곤, 고스트","고스트, 페어리","페어리, 비행","땅, 강철",노말,"전기, 물","물, 얼음","비행, 강철","물, 비행","악, 드래곤"
누리레느,"드래곤, 고스트","땅, 강철","고스트, 페어리",노말,"전기, 불꽃","전기, 드래곤","페어리, 비행","비행, 강철","악, 드래곤","불꽃, 악"
리자몽,"고스트, 페어리","땅, 강철","드래곤, 고스트",노말,"물, 얼음","전기, 물",불꽃,"바위, 악","물, 비행","비행, 강철"
어흥염,"드래곤, 고스트","고스트, 페어리","페어리, 비행","땅, 강철",노말,"물, 얼음","물, 페어리","전기, 물","비행, 강철","물, 비행"
엘풍,"땅, 강철","드래곤, 고스트","페어리, 비행","고스트, 페어리",노말,"전기, 불꽃","물, 비행","전기, 드래곤","물, 얼음","전기, 물"
더시마사리,"드래곤, 고스트","땅, 강철","고스트, 페어리","페어리, 비행","비행, 강철",노말,"풀, 강철","전기, 불꽃","악, 드래곤","바위, 악"
어래곤,"고스트, 페어리","페어리, 비행","드래곤, 고스트","땅, 강철",노말,"전기, 드래곤","물, 얼음","전기, 불꽃","비행, 강철","악, 페어리"
파르셀,"드래곤, 고스트","고스트, 페어리","페어리, 비행","땅, 강철",노말,"악, 페어리","물, 비행","전기, 불꽃","악, 드래곤","물, 얼음"
액스라이즈,"고스트, 페어리","페어리, 비행","드래곤, 고스트",노말,"전기, 불꽃","물, 얼음","비행, 강철","물, 비행","전기, 물","불꽃, 비행"
아이앤트,"드래곤, 고스트","페어리, 비행","고스트, 페어리",노말,노말,"땅, 강철","악, 드래곤","전기, 물","물, 비행","전기, 불꽃"
로토무,"고스트, 페어리","드래곤, 고스트","땅, 강철","페어리, 비행",노말,"물, 비행",불꽃,"비행, 강철","물, 얼음","악, 드래곤"
블래키,"드래곤, 고스트","땅, 강철","고스트, 페어리","페어리, 비행",페어리,"전기, 불꽃",노말,"물, 비행","물, 얼음","전기, 물"
샹델라,"땅, 강철","고스트, 페어리","드래곤, 고스트",노말,"페어리, 비행","비행, 강철","물, 비행","전기, 물","전기, 드래곤","물, 얼음"
루카리오,"드래곤, 고스트","고스트, 페어리","페어리, 비행",노말,"물, 비행","물, 얼음","전기, 불꽃","땅, 강철","전기, 물",땅
파르토,"드래곤, 고스트","고스트, 페어리","페어리, 비행",노말,"물, 얼음","물, 비행","풀, 강철","전기, 불꽃","비행, 강철","전기, 물"
두랄루돈,"드래곤, 고스트","고스트, 페어리","페어리, 비행","물, 비행",노말,"땅, 강철","전기, 불꽃","비행, 강철","전기, 드래곤",얼음
가로막구리,"페어리, 비행","땅, 강철","드래곤, 고스트","고스트, 페어리","전기, 불꽃",노말,"풀, 페어리","비행, 강철","물, 비행","물, 얼음"
픽시,"드래곤, 고스트",노말,"땅, 강철","고스트, 페어리","비행, 강철","물, 비행","물, 얼음","페어리, 비행","전기, 불꽃","전기, 드래곤"
노보청,"땅, 강철","드래곤, 고스트","고스트, 페어리","페어리, 비행","전기, 불꽃","물, 얼음",노말,"물, 비행","전기, 물","악, 드래곤"
거대코뿌리,"고스트, 페어리","드래곤, 고스트","페어리, 비행",노말,"비행, 강철","물, 비행","악, 드래곤","물, 얼음","풀, 강철","전기, 드래곤"
윈디,"드래곤, 고스트","고스트, 페어리","땅, 강철","페어리, 비행",노말,"물, 비행","비행, 강철","물, 얼음","전기, 물","악, 드래곤"
나인테일,"드래곤, 고스트","땅, 강철","페어리, 비행","고스트, 페어리",노말,"물, 비행","불꽃, 악","전기, 드래곤","비행, 강철","전기, 불꽃"
코산호,"땅, 강철","드래곤, 고스트","고스트, 페어리","페어리, 비행",노말,"바위, 악","전기, 불꽃","독, 물","물, 얼음","물, 비행"
브리무음,"드래곤, 고스트",노말,"고스트, 페어리","땅, 강철","비행, 강철","물, 얼음","땅, 바위","물, 비행","페어리, 비행","전기, 불꽃"
트리토돈,"비행, 강철","드래곤, 고스트","페어리, 비행","고스트, 페어리","전기, 불꽃",노말,"땅, 강철",얼음,"바위, 악","물, 비행"
거북왕,"드래곤, 고스트","고스트, 페어리","땅, 강철",노말,"페어리, 비행","전기, 드래곤","불꽃, 비행","불꽃, 악","얼음, 페어리","악, 페어리"
두빅굴,"페어리, 비행","드래곤, 고스트","고스트, 페어리",노말,"전기, 불꽃","비행, 강철","땅, 강철","강철, 고스트","악, 노말","풀, 페어리"
밀로틱,"드래곤, 고스트","땅, 강철","고스트, 페어리","페어리, 비행",노말,"전기, 불꽃","전기, 드래곤","바위, 악","악, 드래곤","비행, 강철"
마휘핑,"드래곤, 고스트","땅, 강철","비행, 강철","고스트, 페어리","물, 얼음",노말,"물, 비행","전기, 불꽃","독, 물","페어리, 비행"
창파나이트,"드래곤, 고스트","고스트, 페어리","땅, 강철","페어리, 비행",노말,"전기, 불꽃","물, 비행","물, 얼음","비행, 강철","전기, 드래곤"
코터스,"풀, 독","고스트, 페어리","불꽃, 비행","땅, 강철","드래곤, 고스트",노말,"페어리, 비행",악,"격투, 비행","전기, 드래곤"
루차불,"땅, 강철","드래곤, 고스트","고스트, 페어리",노말,불꽃,악,"전기, 불꽃","페어리, 비행","전기, 물","물, 얼음"
타입:널,"드래곤, 고스트","페어리, 비행","벌레, 강철","고스트, 페어리","땅, 강철","물, 비행","전기, 드래곤",얼음,"전기, 물","노말, 땅"
미끄래곤,"고스트, 페어리","땅, 강철","페어리, 비행","비행, 강철","드래곤, 고스트","물, 비행",노말,"물, 얼음",얼음,"바위, 악"
누오,"드래곤, 고스트","독, 물",노말,"비행, 강철","고스트, 페어리","페어리, 비행","땅, 강철","풀, 강철","전기, 불꽃","바위, 악"
스트린더,"드래곤, 고스트","고스트, 페어리","땅, 강철","비행, 강철","페어리, 비행","물, 비행",노말,"악, 드래곤","악, 페어리","물, 얼음"
가디안,"드래곤, 고스트","땅, 강철","고스트, 페어리","물, 비행","비행, 강철",노말,"전기, 불꽃","전기, 물","바위, 악","물, 얼음"
이상해꽃,불꽃,"불꽃, 비행","고스트, 페어리","드래곤, 고스트",노말,"땅, 강철","물, 얼음",물,"페어리, 비행","비행, 강철"
절각참,"드래곤, 고스트","고스트, 페어리","페어리, 비행","물, 비행","전기, 불꽃","악, 드래곤","물, 얼음","전기, 물","땅, 강철",노말
가재장군,"고스트, 페어리","페어리, 비행","드래곤, 고스트",노말,"땅, 강철","전기, 불꽃","전기, 드래곤","비행, 강철","악, 드래곤","물, 비행"
에브이,"드래곤, 고스트","고스트, 페어리","땅, 강철",악,노말,페어리,"페어리, 비행","물, 비행","비행, 강철","불꽃, 비행"
빙큐보,"드래곤, 고스트","페어리, 비행","고스트, 페어리","땅, 강철",노말,"전기, 불꽃","물, 얼음","물, 비행","악, 드래곤",페어리
스트린더,"드래곤, 고스트","고스트, 페어리","비행, 강철","땅, 강철","물, 비행","페어리, 비행",노말,"악, 드래곤","물, 얼음","악, 페어리"
고릴타,"드래곤, 고스트","땅, 강철","페어리, 비행","고스트, 페어리","전기, 불꽃",노말,"물, 비행","전기, 물","비행, 강철",불꽃
팬텀,노말,"고스트, 페어리","드래곤, 고스트","페어리, 비행","물, 비행","땅, 강철","비행, 강철","물, 얼음","바위, 악","전기, 불꽃"
모스노우,"드래곤, 고스트","땅, 강철","고스트, 페어리","비행, 강철","물, 비행","페어리, 비행","전기, 불꽃",노말,"물, 얼음","전기, 드래곤"
토게데마루,"드래곤, 고스트","페어리, 비행","고스트, 페어리","땅, 강철",노말,"물, 비행","물, 페어리","물, 얼음","악, 드래곤","비행, 강철"
짜랑고우거,"땅, 강철","페어리, 비행","고스트, 페어리","드래곤, 고스트","악, 페어리","물, 비행",노말,"전기, 불꽃","물, 얼음","물, 얼음"
메타몽,"드래곤, 고스트","고스트, 페어리","독, 물",노말,"비행, 강철","페어리, 비행","땅, 강철","전기, 불꽃","악, 드래곤","물, 얼음"
인텔리레온,"고스트, 페어리","드래곤, 고스트","땅, 강철","페어리, 비행",노말,"비행, 강철","전기, 드래곤","전기, 불꽃",불꽃,"바위, 악"
맘모꾸리,"드래곤, 고스트","고스트, 페어리","페어리, 비행",노말,"비행, 강철","물, 비행","전기, 불꽃","악, 드래곤","풀, 강철","전기, 물"
만마드,"드래곤, 고스트","페어리, 비행","고스트, 페어리",노말,"물, 얼음","전기, 불꽃","물, 비행","전기, 드래곤","전기, 물","악, 드래곤"
포트데스,"고스트, 페어리","드래곤, 고스트","페어리, 비행","땅, 강철","물, 비행",노말,"물, 얼음","비행, 강철","악, 페어리","바위, 악"
글레이시아,페어리,"고스트, 페어리","드래곤, 고스트",악,"땅, 강철",물,불꽃,"페어리, 비행",에스퍼,전기
배우르,"땅, 강철","드래곤, 고스트","페어리, 비행","고스트, 페어리","물, 얼음","물, 비행",노말,"바위, 악","전기, 불꽃",페어리
버터플,"드래곤, 고스트","고스트, 페어리","땅, 강철","페어리, 비행","풀, 페어리",노말,"물, 비행","물, 얼음","악, 페어리","물, 얼음"
란쿨루스,"드래곤, 고스트","고스트, 페어리","땅, 강철",노말,"페어리, 비행","불꽃, 악","물, 비행","비행, 강철","바위, 악","물, 얼음"
일레도리자드,"땅, 강철","고스트, 페어리","드래곤, 고스트","비행, 강철","페어리, 비행",노말,"불꽃, 비행",불꽃,땅,"물, 비행"
또도가스,"드래곤, 고스트","땅, 강철",노말,"물, 비행","고스트, 페어리","비행, 강철","물, 얼음","페어리, 비행","악, 드래곤","전기, 불꽃"
랜턴,"비행, 강철","드래곤, 고스트","고스트, 페어리","물, 비행","페어리, 비행","땅, 강철","악, 드래곤","풀, 강철",노말,얼음
워글,"드래곤, 고스트","땅, 강철","고스트, 페어리","전기, 불꽃",노말,"물, 페어리","악, 드래곤","전기, 물","고스트, 불꽃","물, 얼음"
기가이어스,"드래곤, 고스트","풀, 강철","비행, 강철","땅, 강철","고스트, 페어리","독, 물",고스트,"고스트, 불꽃",노말,"악, 드래곤"
크레베이스,노말,"드래곤, 고스트","독, 물","땅, 강철","물, 땅","페어리, 비행","물, 얼음","고스트, 페어리",얼음,"물, 비행"
석탄산,"비행, 강철","드래곤, 고스트","풀, 강철","고스트, 페어리","전기, 드래곤","물, 비행","땅, 강철",얼음,"페어리, 비행","악, 페어리"
모르페코,"고스트, 페어리","드래곤, 고스트","페어리, 비행","물, 비행","땅, 강철","물, 얼음","비행, 강철",노말,"악, 드래곤",페어리
해무기,"드래곤, 고스트","고스트, 페어리","땅, 강철","페어리, 비행",노말,"전기, 불꽃","전기, 드래곤","비행, 강철","물, 비행",얼음
염뉴트,"드래곤, 고스트","고스트, 페어리","땅, 강철","비행, 강철","물, 비행",노말,"페어리, 비행","바위, 악","악, 페어리","물, 얼음"
버랜지나,"땅, 강철","드래곤, 고스트","고스트, 페어리","전기, 불꽃",노말,"물, 얼음","풀, 강철","페어리, 비행","바위, 악","전기, 물"
샤미드,페어리,악,"땅, 강철","드래곤, 고스트","고스트, 페어리",전기,얼음,불꽃,"페어리, 비행",에스퍼
드래피온,"드래곤, 고스트","페어리, 비행","고스트, 페어리","땅, 강철",노말,"물, 얼음","비행, 강철","전기, 불꽃","물, 비행","전기, 물"
투구뿌논,"고스트, 페어리","드래곤, 고스트","땅, 강철",노말,"물, 비행","페어리, 비행","바위, 악","에스퍼, 페어리","벌레, 강철","악, 드래곤"
쥬피썬더,페어리,악,물,불꽃,얼음,"드래곤, 고스트","고스트, 페어리",에스퍼,"물, 비행","땅, 강철"
나인테일,"풀, 독","불꽃, 비행","드래곤, 고스트","땅, 강철","고스트, 페어리",노말,"물, 얼음","비행, 강철","페어리, 비행",풀
치라치노,"페어리, 비행","드래곤, 고스트","고스트, 페어리","땅, 강철","전기, 불꽃",페어리,"물, 얼음","비행, 강철","풀, 페어리",노말
패리퍼,"물, 바위","풀, 강철","땅, 강철","드래곤, 고스트","페어리, 비행","물, 드래곤","물, 땅","고스트, 페어리",물,노말
냐오닉스,"땅, 강철","드래곤, 고스트",노말,"페어리, 비행",페어리,"물, 비행","고스트, 페어리","물, 페어리","불꽃, 비행","전기, 드래곤"
갈가부기,"물, 비행","드래곤, 고스트","풀, 강철","페어리, 비행","땅, 강철","고스트, 페어리",노말,"비행, 강철","전기, 불꽃",얼음
동탁군,"드래곤, 고스트","땅, 강철","페어리, 비행","고스트, 페어리",노말,"에스퍼, 페어리","물, 비행","비행, 강철","전기, 물","전기, 불꽃"
요씽리스,"드래곤, 고스트","고스트, 페어리","페어리, 비행","땅, 강철","전기, 불꽃","악, 드래곤",얼음,"물, 비행","물, 얼음","악, 페어리"
플라이곤,"비행, 강철","고스트, 페어리","페어리, 비행","전기, 불꽃","드래곤, 고스트",페어리,"바위, 악","전기, 물","풀, 강철","물, 얼음"
드래펄트,"고스트, 페어리","페어리, 비행","땅, 강철",노말,"전기, 물","전기, 불꽃","물, 비행","비행, 강철",얼음,"풀, 강철"
따라큐,"드래곤, 고스트","페어리, 비행",노말,"땅, 강철","전기, 물","전기, 불꽃","물, 비행",얼음,"비행, 강철","물, 얼음"
토게키스,"드래곤, 고스트","고스트, 페어리","땅, 강철",노말,"전기, 물",얼음,"풀, 강철","물, 비행","전기, 불꽃",땅
몰드류,"드래곤, 고스트","페어리, 비행","고스트, 페어리",노말,"전기, 물","물, 비행","전기, 불꽃","물, 얼음",얼음,"비행, 강철"
잠만보,"드래곤, 고스트","고스트, 페어리","페어리, 비행","땅, 강철","전기, 물",얼음,"물, 비행","전기, 불꽃","물, 얼음","비행, 강철"
로토무,"드래곤, 고스트","고스트, 페어리","페어리, 비행","땅, 강철",노말,얼음,"비행, 강철","불꽃, 악","풀, 강철",땅
갸라도스,"드래곤, 고스트","땅, 강철","고스트, 페어리","페어리, 비행",노말,"전기, 불꽃",땅,"풀, 강철","악, 드래곤",얼음
로토무,"드래곤, 고스트","고스트, 페어리","땅, 강철","페어리, 비행","물, 비행",노말,"풀, 강철","비행, 강철","물, 페어리",얼음
아머까오,"드래곤, 고스트","고스트, 페어리","땅, 강철",노말,"페어리, 비행","전기, 불꽃","전기, 물","바위, 악",얼음,"전기, 드래곤"
불비달마,"드래곤, 고스트","고스트, 페어리","페어리, 비행",노말,"땅, 강철","전기, 물","물, 비행","비행, 강철","전기, 불꽃","풀, 강철"
너트령,"드래곤, 고스트","페어리, 비행","고스트, 페어리","땅, 강철","전기, 불꽃",노말,"물, 비행","전기, 물","물, 페어리",얼음
라프라스,"고스트, 페어리","드래곤, 고스트","땅, 강철","페어리, 비행",노말,"전기, 불꽃","비행, 강철",얼음,"풀, 강철","전기, 드래곤"
누리레느,"드래곤, 고스트","땅, 강철","고스트, 페어리",노말,"페어리, 비행","전기, 불꽃","풀, 강철","전기, 드래곤","비행, 강철",얼음
삼삼드래,"고스트, 페어리","땅, 강철","강철, 고스트","물, 비행",노말,"페어리, 비행","드래곤, 고스트","비행, 강철","전기, 불꽃","전기, 물"
마기라스,"드래곤, 고스트","땅, 강철","고스트, 페어리","페어리, 비행","비행, 강철","물, 비행","전기, 물","전기, 불꽃","풀, 강철",노말
하마돈,"드래곤, 고스트","페어리, 비행","고스트, 페어리",노말,"물, 비행","땅, 강철","전기, 물","전기, 불꽃","풀, 강철",얼음
파치래곤,"고스트, 페어리","페어리, 비행","드래곤, 고스트","땅, 강철",노말,"비행, 강철","물, 페어리","물, 비행",얼음,"물, 얼음"
킬가르도,"고스트, 페어리","드래곤, 고스트",노말,"페어리, 비행","악, 드래곤","물, 비행","땅, 강철","전기, 물","전기, 불꽃",땅
어흥염,"드래곤, 고스트","고스트, 페어리","페어리, 비행","땅, 강철","전기, 물",노말,"물, 페어리",얼음,"풀, 강철","물, 비행"
님피아,"드래곤, 고스트","땅, 강철","고스트, 페어리","물, 비행","비행, 강철",노말,"전기, 물","전기, 불꽃",얼음,"악, 드래곤"
에이스번,"드래곤, 고스트","고스트, 페어리","페어리, 비행","땅, 강철","전기, 물",노말,"비행, 강철","풀, 강철","물, 페어리","물, 비행"
리자몽,"고스트, 페어리","드래곤, 고스트","땅, 강철",노말,"전기, 물","바위, 악",불꽃,"물, 얼음","물, 비행","페어리, 비행"
오롱털,"드래곤, 고스트","땅, 강철","페어리, 비행","고스트, 페어리",노말,"물, 비행","비행, 강철","전기, 불꽃","전기, 물",얼음
엘풍,"드래곤, 고스트","땅, 강철","페어리, 비행","고스트, 페어리",노말,"전기, 불꽃","물, 비행",얼음,"전기, 물","전기, 드래곤"
루카리오,"드래곤, 고스트","고스트, 페어리","페어리, 비행",노말,"전기, 물","물, 비행","전기, 불꽃","땅, 강철",땅,"물, 얼음"
액스라이즈,"페어리, 비행","고스트, 페어리","드래곤, 고스트","전기, 물",노말,"전기, 불꽃","땅, 강철","비행, 강철","물, 비행","물, 페어리"
더시마사리,"드래곤, 고스트","땅, 강철","고스트, 페어리","페어리, 비행","풀, 강철","비행, 강철",노말,"전기, 불꽃",얼음,"바위, 악"
어래곤,"고스트, 페어리","드래곤, 고스트","페어리, 비행","땅, 강철",노말,"전기, 불꽃","비행, 강철","물, 얼음",페어리,"풀, 강철"
아이앤트,"드래곤, 고스트","페어리, 비행","전기, 물","고스트, 페어리",노말,"땅, 강철","불꽃, 악","전기, 불꽃",얼음,노말
파르토,"고스트, 페어리","드래곤, 고스트","페어리, 비행",노말,"전기, 물","풀, 강철","물, 얼음","물, 페어리","전기, 불꽃","비행, 강철"
픽시,"드래곤, 고스트",노말,"땅, 강철","고스트, 페어리","전기, 물","물, 비행","비행, 강철","풀, 강철","불꽃, 악",얼음
파르셀,"드래곤, 고스트","페어리, 비행","고스트, 페어리","땅, 강철",노말,"전기, 불꽃","악, 페어리","물, 비행","전기, 물",얼음
샹델라,"땅, 강철","고스트, 페어리","드래곤, 고스트",노말,"페어리, 비행","물, 비행","풀, 강철","전기, 물","비행, 강철","바위, 악"
로토무,"드래곤, 고스트","고스트, 페어리","땅, 강철","페어리, 비행",노말,"물, 비행","비행, 강철","바위, 악","물, 페어리",불꽃
가로막구리,"드래곤, 고스트","땅, 강철","페어리, 비행","고스트, 페어리","전기, 불꽃",노말,"물, 비행","전기, 물","비행, 강철","물, 페어리"
노보청,"땅, 강철","드래곤, 고스트","고스트, 페어리","페어리, 비행","전기, 불꽃",노말,"물, 비행","전기, 물","풀, 강철","물, 얼음"
블래키,"드래곤, 고스트","땅, 강철","고스트, 페어리","페어리, 비행",페어리,"전기, 불꽃","전기, 물","물, 비행",노말,에스퍼
두랄루돈,"드래곤, 고스트","고스트, 페어리","페어리, 비행","물, 비행","땅, 강철",노말,"비행, 강철","전기, 불꽃",얼음,"전기, 물"
윈디,"드래곤, 고스트","고스트, 페어리","땅, 강철","페어리, 비행",노말,"물, 비행","전기, 물","비행, 강철","물, 얼음","바위, 악"
거대코뿌리,"고스트, 페어리","드래곤, 고스트","페어리, 비행",노말,"물, 비행","풀, 강철","물, 페어리","악, 드래곤","비행, 강철","전기, 물"
나인테일,"드래곤, 고스트","땅, 강철","페어리, 비행",노말,"고스트, 페어리","물, 페어리","전기, 물","물, 비행","전기, 불꽃","불꽃, 악"
두빅굴,"드래곤, 고스트","페어리, 비행","고스트, 페어리","비행, 강철",노말,"전기, 불꽃","땅, 강철",얼음,"풀, 강철","강철, 고스트"
코산호,"땅, 강철","드래곤, 고스트","페어리, 비행","고스트, 페어리",노말,"전기, 불꽃","바위, 악","독, 물",얼음,"물, 비행"
트리토돈,"비행, 강철","드래곤, 고스트","페어리, 비행","고스트, 페어리","전기, 불꽃",노말,"땅, 강철",얼음,"물, 비행","바위, 악"
스트린더,"드래곤, 고스트","고스트, 페어리","땅, 강철","비행, 강철","페어리, 비행","물, 비행",노말,"물, 페어리","불꽃, 악",얼음
미끄래곤,"고스트, 페어리","땅, 강철","드래곤, 고스트","비행, 강철","페어리, 비행",노말,"물, 비행",얼음,"물, 페어리","전기, 물"
워글,"드래곤, 고스트","고스트, 페어리","땅, 강철","전기, 물",노말,"물, 페어리","전기, 불꽃","페어리, 비행","풀, 강철","불꽃, 악"
밀로틱,"드래곤, 고스트","땅, 강철","고스트, 페어리","페어리, 비행",노말,"전기, 불꽃","바위, 악",얼음,"풀, 강철","전기, 드래곤"
브리무음,"드래곤, 고스트",노말,"고스트, 페어리","땅, 강철","비행, 강철","페어리, 비행","물, 비행","땅, 바위","전기, 불꽃","물, 얼음"
스트린더,"드래곤, 고스트","고스트, 페어리","땅, 강철","비행, 강철","페어리, 비행","물, 비행",노말,"악, 드래곤",얼음,"물, 페어리"
창파나이트,"드래곤, 고스트","땅, 강철","페어리, 비행","고스트, 페어리",노말,"전기, 불꽃","전기, 물","물, 비행","비행, 강철","물, 얼음"
루차불,"드래곤, 고스트","땅, 강철","고스트, 페어리",노말,"전기, 불꽃","페어리, 비행","전기, 물","물, 페어리","물, 얼음","풀, 강철"
가디안,"드래곤, 고스트","땅, 강철","고스트, 페어리",노말,"물, 비행","비행, 강철","전기, 불꽃","전기, 물","바위, 악",불꽃
코터스,"불꽃, 비행","고스트, 페어리","드래곤, 고스트","땅, 강철","풀, 독",노말,"페어리, 비행",얼음,"물, 드래곤","전기, 물"
고릴타,"드래곤, 고스트","땅, 강철","페어리, 비행","고스트, 페어리","전기, 불꽃",노말,"전기, 물",불꽃,"물, 비행","비행, 강철"
누오,"드래곤, 고스트","독, 물",노말,"비행, 강철","고스트, 페어리","페어리, 비행","풀, 강철","전기, 불꽃","바위, 악","땅, 강철"
맘모꾸리,"드래곤, 고스트","고스트, 페어리","페어리, 비행",노말,"전기, 물","전기, 불꽃","물, 비행","비행, 강철","물, 페어리","풀, 강철"
타입:널,"드래곤, 고스트","페어리, 비행","벌레, 강철","고스트, 페어리",얼음,"땅, 강철","전기, 물","물, 비행","전기, 불꽃","물, 드래곤"
에브이,"드래곤, 고스트","땅, 강철",악,"고스트, 페어리",페어리,"페어리, 비행",노말,"물, 비행",물,"불꽃, 비행"
마휘핑,"드래곤, 고스트","땅, 강철","비행, 강철","고스트, 페어리",노말,"물, 비행","전기, 불꽃","전기, 물","페어리, 비행","물, 얼음"
인텔리레온,"고스트, 페어리","드래곤, 고스트","땅, 강철","페어리, 비행",노말,"비행, 강철","전기, 불꽃",불꽃,"전기, 드래곤","강철, 드래곤"
절각참,"드래곤, 고스트","고스트, 페어리","페어리, 비행","물, 비행","전기, 불꽃",노말,"전기, 물","땅, 강철",드래곤,"악, 드래곤"
빙큐보,"드래곤, 고스트","땅, 강철","페어리, 비행","고스트, 페어리",노말,"전기, 불꽃","물, 페어리","물, 비행",얼음,"물, 얼음"
갈가부기,"물, 비행","풀, 강철","드래곤, 고스트","페어리, 비행","땅, 강철","고스트, 페어리",얼음,노말,페어리,"물, 땅"
거북왕,"드래곤, 고스트","고스트, 페어리","땅, 강철",노말,"페어리, 비행","불꽃, 비행","전기, 불꽃","악, 페어리","얼음, 페어리","전기, 드래곤"
토게데마루,"드래곤, 고스트","페어리, 비행","고스트, 페어리","땅, 강철","물, 페어리",노말,"물, 비행","물, 얼음","비행, 강철","불꽃, 비행"
팬텀,노말,"드래곤, 고스트","고스트, 페어리","페어리, 비행","물, 비행","땅, 강철","비행, 강철","물, 얼음","전기, 물","바위, 악"
패리퍼,"물, 바위","풀, 강철","드래곤, 고스트","땅, 강철","페어리, 비행","물, 땅","고스트, 페어리",얼음,노말,페어리
란쿨루스,"드래곤, 고스트","고스트, 페어리","땅, 강철",노말,"페어리, 비행","불꽃, 악","물, 비행",얼음,"전기, 물","비행, 강철"
이상해꽃,불꽃,"고스트, 페어리","불꽃, 비행","드래곤, 고스트","땅, 강철",노말,"페어리, 비행","바위, 악","비행, 강철",물
가재장군,"드래곤, 고스트","고스트, 페어리","페어리, 비행","땅, 강철",노말,"전기, 불꽃","비행, 강철","전기, 드래곤",얼음,"물, 비행"
짜랑고우거,"땅, 강철","페어리, 비행","고스트, 페어리","드래곤, 고스트","전기, 불꽃","물, 비행","악, 페어리",노말,"비행, 강철","바위, 악"
포트데스,"고스트, 페어리","드래곤, 고스트","땅, 강철","페어리, 비행","물, 비행",노말,"악, 페어리","전기, 불꽃","비행, 강철","바위, 악"
메타몽,"드래곤, 고스트","고스트, 페어리",노말,"페어리, 비행","땅, 강철","독, 물","비행, 강철","전기, 불꽃","악, 페어리","물, 얼음"
글레이시아,페어리,"드래곤, 고스트",악,"고스트, 페어리",물,"땅, 강철",전기,에스퍼,풀,불꽃
랜턴,"비행, 강철","드래곤, 고스트","고스트, 페어리","페어리, 비행","물, 비행","땅, 강철",노말,얼음,"풀, 강철",불꽃
만마드,"드래곤, 고스트","고스트, 페어리","페어리, 비행",노말,"물, 비행","전기, 불꽃","물, 얼음","전기, 물","풀, 강철","물, 페어리"
일레도리자드,"땅, 강철","드래곤, 고스트","고스트, 페어리","페어리, 비행","물, 비행","비행, 강철",노말,"물, 페어리","불꽃, 비행",불꽃
기가이어스,"드래곤, 고스트","풀, 강철","땅, 강철",고스트,"페어리, 비행","고스트, 페어리",불꽃,"물, 페어리","고스트, 불꽃",노말
석탄산,"드래곤, 고스트","풀, 강철","비행, 강철","고스트, 페어리","땅, 강철","페어리, 비행","물, 비행","독, 물","전기, 드래곤",노말
모르페코,"드래곤, 고스트","고스트, 페어리","페어리, 비행","땅, 강철","물, 비행",노말,"비행, 강철","물, 얼음",페어리,"물, 페어리"
또도가스,"드래곤, 고스트","땅, 강철",노말,"물, 비행","비행, 강철","고스트, 페어리","전기, 불꽃","풀, 강철","물, 얼음","바위, 악"
모스노우,"드래곤, 고스트","땅, 강철","비행, 강철","고스트, 페어리","물, 비행",노말,"전기, 불꽃","독, 물","페어리, 비행","전기, 물"
드래피온,"드래곤, 고스트","페어리, 비행","고스트, 페어리","땅, 강철","물, 비행","전기, 불꽃",노말,"전기, 물","비행, 강철","물, 얼음"
버터플,"드래곤, 고스트","고스트, 페어리","페어리, 비행","땅, 강철","풀, 페어리",노말,"물, 비행","악, 페어리","물, 얼음",얼음
배우르,"드래곤, 고스트","땅, 강철","페어리, 비행","고스트, 페어리","물, 비행","물, 얼음","바위, 악",노말,"전기, 불꽃",페어리
버랜지나,"드래곤, 고스트","땅, 강철","고스트, 페어리","전기, 불꽃",노말,"풀, 강철","페어리, 비행","물, 페어리","전기, 물","물, 얼음"
쥬피썬더,페어리,악,물,얼음,에스퍼,풀,불꽃,"고스트, 페어리","드래곤, 고스트","물, 비행"
샤미드,페어리,악,"땅, 강철","고스트, 페어리",전기,얼음,"드래곤, 고스트",에스퍼,불꽃,풀
염뉴트,"드래곤, 고스트","고스트, 페어리","땅, 강철",노말,"비행, 강철","페어리, 비행","물, 비행","전기, 물","물, 페어리","바위, 악"
둥실라이드,"고스트, 페어리","페어리, 비행",노말,"땅, 강철","전기, 드래곤","드래곤, 고스트",얼음,"전기, 불꽃","전기, 물","물, 페어리"
강철톤,"드래곤, 고스트","물, 비행","페어리, 비행",노말,"고스트, 페어리",드래곤,얼음,"바위, 악","물, 얼음","전기, 불꽃"
크레베이스,노말,"독, 물","드래곤, 고스트","물, 땅","땅, 강철","페어리, 비행","물, 얼음","비행, 강철","고스트, 페어리",얼음
해무기,"드래곤, 고스트","땅, 강철","고스트, 페어리","페어리, 비행",노말,얼음,"전기, 불꽃","물, 비행","풀, 강철","비행, 강철"
깨비물거미,"고스트, 페어리","페어리, 비행","드래곤, 고스트",얼음,"풀, 강철","땅, 강철",불꽃,"전기, 불꽃",노말,"전기, 드래곤"
갑주무사,"드래곤, 고스트","땅, 강철","페어리, 비행","전기, 불꽃","고스트, 페어리","벌레, 강철","바위, 악","악, 드래곤",노말,"전기, 물"
동탁군,"드래곤, 고스트","고스트, 페어리","땅, 강철","페어리, 비행",노말,"비행, 강철","에스퍼, 페어리","전기, 불꽃","물, 페어리","악, 드래곤"
투구뿌논,"고스트, 페어리","드래곤, 고스트","땅, 강철",노말,"물, 비행","페어리, 비행","벌레, 강철",얼음,"물, 페어리","에스퍼, 페어리"
플라이곤,"고스트, 페어리","비행, 강철","페어리, 비행","드래곤, 고스트","전기, 불꽃","물, 페어리","전기, 물",노말,"격투, 강철","바위, 악"
드래펄트,"고스트, 페어리","땅, 강철","페어리, 비행",노말,"전기, 물","풀, 강철","물, 비행","비행, 강철","전기, 불꽃","물, 얼음"
따라큐,"드래곤, 고스트","땅, 강철","페어리, 비행",노말,"전기, 물","물, 얼음","전기, 불꽃","풀, 강철","물, 비행",얼음
몰드류,"드래곤, 고스트","고스트, 페어리","페어리, 비행",노말,"전기, 물","물, 비행","전기, 불꽃","물, 얼음","물, 페어리","풀, 강철"
토게키스,"드래곤, 고스트","땅, 강철","고스트, 페어리",노말,"전기, 물","풀, 강철","물, 비행",얼음,"물, 얼음","전기, 불꽃"
잠만보,"드래곤, 고스트","고스트, 페어리","페어리, 비행","땅, 강철","전기, 물","물, 비행","물, 얼음",얼음,"비행, 강철","풀, 강철"
갸라도스,"드래곤, 고스트","땅, 강철","고스트, 페어리","페어리, 비행",노말,"전기, 불꽃","풀, 강철",땅,"강철, 고스트",얼음
로토무,"드래곤, 고스트","고스트, 페어리","페어리, 비행","땅, 강철",노말,얼음,"비행, 강철","풀, 강철","불꽃, 악",불꽃
너트령,"드래곤, 고스트","고스트, 페어리","페어리, 비행","땅, 강철","전기, 불꽃","물, 비행",노말,"물, 페어리","전기, 물",얼음
아머까오,"드래곤, 고스트","고스트, 페어리","땅, 강철","페어리, 비행",노말,"바위, 악","전기, 불꽃","전기, 물",얼음,"전기, 드래곤"
로토무,"드래곤, 고스트","고스트, 페어리","땅, 강철","풀, 강철","물, 비행","페어리, 비행","비행, 강철",노말,"물, 페어리","물, 얼음"
불비달마,"드래곤, 고스트","고스트, 페어리","페어리, 비행","땅, 강철",노말,"전기, 물","풀, 강철","비행, 강철","물, 비행","전기, 불꽃"
라프라스,"고스트, 페어리","드래곤, 고스트","땅, 강철","페어리, 비행",노말,"전기, 불꽃","노말, 땅","비행, 강철","풀, 강철",불꽃
누리레느,"드래곤, 고스트","땅, 강철","고스트, 페어리",노말,"페어리, 비행","풀, 강철","전기, 불꽃","비행, 강철","전기, 드래곤",얼음
마기라스,"드래곤, 고스트","땅, 강철","고스트, 페어리","페어리, 비행","비행, 강철","전기, 불꽃","물, 비행","전기, 물","풀, 강철",얼음
리자몽,"고스트, 페어리","드래곤, 고스트","땅, 강철",노말,"전기, 물",얼음,"풀, 강철",불꽃,"물, 얼음","페어리, 비행"
하마돈,"페어리, 비행","드래곤, 고스트","고스트, 페어리","땅, 강철","물, 비행",노말,"전기, 물","풀, 강철","강철, 고스트","전기, 불꽃"
에이스번,"드래곤, 고스트","고스트, 페어리","페어리, 비행","땅, 강철","전기, 물",노말,"물, 얼음","물, 페어리","비행, 강철","풀, 강철"
킬가르도,"고스트, 페어리","페어리, 비행","드래곤, 고스트",노말,"물, 비행","땅, 강철","악, 드래곤",땅,"전기, 물","전기, 불꽃"
파치래곤,"고스트, 페어리","땅, 강철","페어리, 비행","드래곤, 고스트","비행, 강철","물, 페어리",노말,"물, 비행","풀, 강철","물, 얼음"
삼삼드래,"고스트, 페어리","땅, 강철","강철, 고스트","물, 비행","페어리, 비행","비행, 강철",노말,"드래곤, 고스트","전기, 불꽃","풀, 강철"
파르토,"고스트, 페어리","드래곤, 고스트","페어리, 비행","물, 얼음",노말,"풀, 강철","전기, 불꽃","물, 페어리",불꽃,"전기, 물"
루카리오,"드래곤, 고스트","고스트, 페어리","페어리, 비행","전기, 물",노말,"땅, 강철","불꽃, 비행","물, 비행","물, 얼음","물, 페어리"
어흥염,"드래곤, 고스트","고스트, 페어리","페어리, 비행","땅, 강철","전기, 물",노말,"물, 페어리","풀, 강철","비행, 강철","물, 비행"
엘풍,"드래곤, 고스트","고스트, 페어리","땅, 강철","페어리, 비행",노말,"물, 비행","전기, 불꽃","불꽃, 비행","전기, 물",얼음
오롱털,"땅, 강철","드래곤, 고스트","페어리, 비행","고스트, 페어리","물, 비행",노말,"비행, 강철","전기, 물","전기, 불꽃",얼음
님피아,"드래곤, 고스트","땅, 강철","물, 비행","비행, 강철","고스트, 페어리","전기, 물","전기, 불꽃",노말,"풀, 강철","바위, 악"
액스라이즈,"페어리, 비행","고스트, 페어리","드래곤, 고스트","전기, 불꽃","전기, 물",노말,"물, 페어리","비행, 강철","땅, 강철","불꽃, 비행"
더시마사리,"드래곤, 고스트","땅, 강철","비행, 강철","고스트, 페어리","풀, 강철","페어리, 비행","전기, 불꽃",노말,얼음,"바위, 악"
픽시,"드래곤, 고스트","땅, 강철","고스트, 페어리",노말,"비행, 강철","물, 얼음","전기, 불꽃","노말, 땅","물, 비행","풀, 강철"
어래곤,"고스트, 페어리","페어리, 비행","드래곤, 고스트","땅, 강철",노말,"전기, 불꽃","풀, 강철","불꽃, 비행","물, 얼음","비행, 강철"
워글,"드래곤, 고스트","땅, 강철","고스트, 페어리","물, 페어리","전기, 물","풀, 강철",노말,"전기, 불꽃","페어리, 비행",얼음
로토무,"드래곤, 고스트","고스트, 페어리","땅, 강철","페어리, 비행",노말,"물, 비행","물, 페어리","바위, 악",얼음,"비행, 강철"
파르셀,"드래곤, 고스트","페어리, 비행","고스트, 페어리","땅, 강철",노말,"악, 페어리","물, 비행","전기, 불꽃","전기, 물","바위, 악"
아이앤트,"드래곤, 고스트","페어리, 비행","고스트, 페어리","전기, 물","땅, 강철",노말,"전기, 불꽃",얼음,"물, 페어리","물, 비행"
샹델라,"땅, 강철","고스트, 페어리","페어리, 비행","풀, 강철","드래곤, 고스트",노말,"물, 비행","전기, 물","비행, 강철","바위, 악"
가로막구리,"드래곤, 고스트","땅, 강철","페어리, 비행","고스트, 페어리","전기, 불꽃","물, 비행","비행, 강철","물, 페어리","전기, 물","물, 얼음"
윈디,"드래곤, 고스트","땅, 강철","고스트, 페어리","페어리, 비행","물, 비행",노말,"전기, 물","비행, 강철","바위, 악","물, 얼음"
블래키,"드래곤, 고스트","땅, 강철","고스트, 페어리","페어리, 비행",페어리,"전기, 불꽃","전기, 물","물, 얼음","물, 비행","풀, 강철"
두랄루돈,"드래곤, 고스트","고스트, 페어리","페어리, 비행","땅, 강철","물, 비행",노말,"비행, 강철",얼음,불꽃,"전기, 불꽃"
두빅굴,"드래곤, 고스트","비행, 강철","고스트, 페어리","페어리, 비행","전기, 불꽃",노말,"땅, 강철","풀, 강철",얼음,"바위, 악"
노보청,"땅, 강철","드래곤, 고스트","고스트, 페어리","페어리, 비행","전기, 불꽃","물, 얼음","전기, 물","물, 비행",노말,"풀, 강철"
코터스,"고스트, 페어리","불꽃, 비행","땅, 강철","드래곤, 고스트",노말,"풀, 독","페어리, 비행","물, 드래곤","물, 얼음","풀, 강철"
거대코뿌리,"드래곤, 고스트","고스트, 페어리","페어리, 비행","풀, 강철","물, 비행","비행, 강철","물, 페어리",노말,"물, 얼음","전기, 물"
트리토돈,"비행, 강철","드래곤, 고스트","페어리, 비행","고스트, 페어리","전기, 불꽃","땅, 강철",얼음,노말,"바위, 악","독, 물"
나인테일,"드래곤, 고스트","땅, 강철","페어리, 비행","고스트, 페어리",노말,"물, 페어리","물, 비행","전기, 물","바위, 악","비행, 강철"
코산호,"땅, 강철","드래곤, 고스트","페어리, 비행","고스트, 페어리",노말,"독, 물","바위, 악","전기, 불꽃","물, 얼음",얼음
스트린더,"드래곤, 고스트","고스트, 페어리","땅, 강철","비행, 강철","페어리, 비행","물, 비행","물, 페어리",노말,"풀, 강철",얼음
팬텀,"고스트, 페어리","드래곤, 고스트",노말,"페어리, 비행","땅, 강철","물, 비행","물, 얼음","바위, 악","비행, 강철","불꽃, 비행"
미끄래곤,"고스트, 페어리","땅, 강철","비행, 강철","페어리, 비행","드래곤, 고스트","물, 비행","물, 페어리",얼음,"물, 얼음",노말
밀로틱,"드래곤, 고스트","땅, 강철","고스트, 페어리","페어리, 비행","전기, 불꽃",노말,"바위, 악","풀, 강철",얼음,"비행, 강철"
브리무음,"드래곤, 고스트","땅, 강철","고스트, 페어리",노말,"비행, 강철","물, 얼음","물, 비행","페어리, 비행","바위, 악","풀, 강철"
고릴타,"드래곤, 고스트","고스트, 페어리","페어리, 비행","땅, 강철","전기, 물","전기, 불꽃","물, 비행","불꽃, 비행",노말,"비행, 강철"
스트린더,"드래곤, 고스트","고스트, 페어리","땅, 강철","비행, 강철","페어리, 비행","물, 비행",노말,"물, 페어리",얼음,"풀, 강철"
루차불,"드래곤, 고스트","땅, 강철","고스트, 페어리","페어리, 비행","전기, 물",노말,"전기, 불꽃","물, 페어리","풀, 강철",불꽃
맘모꾸리,"드래곤, 고스트","고스트, 페어리","페어리, 비행",노말,"풀, 강철","물, 비행","전기, 물","전기, 불꽃","물, 페어리","비행, 강철"
샤미드,"땅, 강철","고스트, 페어리","드래곤, 고스트","페어리, 비행","풀, 강철",페어리,"전기, 불꽃",악,전기,얼음
패리퍼,"물, 바위","풀, 강철","드래곤, 고스트","땅, 강철","페어리, 비행","고스트, 페어리",노말,"물, 땅",얼음,"물, 드래곤"
갈가부기,"물, 비행","풀, 강철","드래곤, 고스트","땅, 강철","페어리, 비행","고스트, 페어리",노말,얼음,"비행, 강철",페어리
누오,"독, 물","드래곤, 고스트","비행, 강철","고스트, 페어리","바위, 악",노말,"페어리, 비행","풀, 강철","땅, 강철","전기, 불꽃"
에브이,"드래곤, 고스트","땅, 강철",악,"페어리, 비행","고스트, 페어리",페어리,노말,물,"불꽃, 비행","바위, 악"
가디안,"드래곤, 고스트","땅, 강철","고스트, 페어리","물, 비행","비행, 강철",노말,"바위, 악","전기, 물","전기, 불꽃","격투, 강철"
창파나이트,"땅, 강철","드래곤, 고스트","고스트, 페어리","페어리, 비행","전기, 불꽃",노말,"물, 비행","물, 얼음","전기, 물","물, 페어리"
마휘핑,"드래곤, 고스트","땅, 강철","비행, 강철","고스트, 페어리",노말,"물, 얼음","전기, 물","물, 비행","페어리, 비행","전기, 불꽃"
인텔리레온,"고스트, 페어리","드래곤, 고스트","땅, 강철","페어리, 비행",노말,"비행, 강철","풀, 강철","전기, 불꽃",불꽃,"전기, 드래곤"
절각참,"드래곤, 고스트","고스트, 페어리","페어리, 비행","물, 비행","땅, 강철","전기, 불꽃","전기, 물",드래곤,"비행, 강철","불꽃, 비행"
기가이어스,"드래곤, 고스트","풀, 강철","땅, 강철","고스트, 페어리","페어리, 비행","비행, 강철","고스트, 불꽃",얼음,"악, 드래곤","전기, 물"
란쿨루스,"드래곤, 고스트","땅, 강철","고스트, 페어리","페어리, 비행",노말,"바위, 악","비행, 강철","물, 페어리","불꽃, 악","물, 비행"
일레도리자드,"땅, 강철","드래곤, 고스트","고스트, 페어리","페어리, 비행","비행, 강철",노말,불꽃,"물, 비행","불꽃, 비행","물, 페어리"
이상해꽃,불꽃,"불꽃, 비행","고스트, 페어리","드래곤, 고스트",노말,"땅, 강철","바위, 악","페어리, 비행","비행, 강철","물, 얼음"
포트데스,"땅, 강철","고스트, 페어리","드래곤, 고스트","페어리, 비행","물, 비행","악, 페어리","전기, 불꽃","바위, 악","전기, 물",노말
모스노우,"비행, 강철","독, 물","드래곤, 고스트","땅, 강철",얼음,"고스트, 페어리","물, 땅","바위, 악","전기, 불꽃",얼음
빙큐보,"드래곤, 고스트","땅, 강철","페어리, 비행","고스트, 페어리",노말,"전기, 불꽃","물, 페어리","물, 비행","물, 얼음",얼음
랜턴,"비행, 강철","드래곤, 고스트","고스트, 페어리","물, 비행","땅, 강철","페어리, 비행","풀, 강철",얼음,"불꽃, 비행",불꽃
토게데마루,"드래곤, 고스트","페어리, 비행","땅, 강철","고스트, 페어리","물, 페어리","불꽃, 비행","물, 비행","물, 얼음","고스트, 불꽃","비행, 강철"
거북왕,"드래곤, 고스트","땅, 강철","고스트, 페어리","불꽃, 비행",노말,"페어리, 비행","바위, 악","풀, 독","악, 페어리","전기, 불꽃"
짜랑고우거,"땅, 강철","페어리, 비행","고스트, 페어리","드래곤, 고스트","물, 비행","전기, 불꽃","비행, 강철","악, 페어리","물, 페어리","바위, 악"
글레이시아,"드래곤, 고스트",페어리,악,"고스트, 페어리","땅, 강철",물,전기,"페어리, 비행",에스퍼,불꽃
만마드,"드래곤, 고스트","고스트, 페어리","페어리, 비행","물, 얼음","전기, 불꽃","풀, 강철",노말,"물, 비행","전기, 물","물, 페어리"
가재장군,"고스트, 페어리","드래곤, 고스트","페어리, 비행","땅, 강철","전기, 불꽃",노말,"풀, 강철","물, 비행","비행, 강철",얼음
메타몽,"드래곤, 고스트","고스트, 페어리","독, 물","비행, 강철","페어리, 비행","땅, 강철",노말,얼음,"물, 땅","풀, 강철"
버랜지나,"땅, 강철","드래곤, 고스트","고스트, 페어리","풀, 강철","전기, 불꽃","페어리, 비행",노말,"전기, 물","물, 페어리","물, 얼음"
쥬피썬더,페어리,물,악,"드래곤, 고스트","땅, 강철",얼음,"고스트, 페어리","페어리, 비행",에스퍼,"물, 비행"
석탄산,"비행, 강철","드래곤, 고스트","풀, 강철","고스트, 페어리","땅, 강철","페어리, 비행","물, 비행","전기, 물","독, 물",얼음
또도가스,"드래곤, 고스트","땅, 강철","물, 비행","고스트, 페어리","비행, 강철",노말,"바위, 악","풀, 강철","전기, 불꽃",얼음
해무기,"드래곤, 고스트","고스트, 페어리","땅, 강철","페어리, 비행","풀, 강철","전기, 불꽃",노말,"물, 얼음",땅,"비행, 강철"
크레베이스,"드래곤, 고스트","독, 물",노말,"비행, 강철","고스트, 페어리",페어리,"물, 비행","물, 땅","풀, 페어리","땅, 강철"
타입:널,"드래곤, 고스트","페어리, 비행","벌레, 강철","고스트, 페어리","땅, 강철",얼음,"전기, 물","물, 비행","전기, 불꽃","물, 드래곤"
드래피온,"드래곤, 고스트","페어리, 비행","땅, 강철","고스트, 페어리","물, 비행","비행, 강철","전기, 불꽃","전기, 물","불꽃, 비행","물, 얼음"
로토무,"드래곤, 고스트","고스트, 페어리","땅, 강철","물, 페어리",노말,드래곤,"풀, 강철","불꽃, 악",불꽃,얼음
피카츄,"드래곤, 고스트","불꽃, 비행","고스트, 페어리","땅, 강철",노말,"페어리, 비행","물, 비행","물, 얼음","비행, 강철","격투, 강철"
배우르,"드래곤, 고스트","땅, 강철","페어리, 비행","고스트, 페어리","물, 비행","바위, 악","물, 얼음",노말,"전기, 물","전기, 불꽃"
모르페코,"드래곤, 고스트","고스트, 페어리","페어리, 비행","땅, 강철","물, 페어리","물, 비행","비행, 강철","물, 얼음",노말,"악, 드래곤"
버터플,"페어리, 비행","드래곤, 고스트","땅, 강철","고스트, 페어리","풀, 페어리","악, 페어리",노말,"물, 얼음","물, 비행","불꽃, 비행"
나인테일,"드래곤, 고스트","땅, 강철","고스트, 페어리","불꽃, 비행","풀, 독","페어리, 비행","비행, 강철","물, 페어리",노말,"바위, 악"
강철톤,"드래곤, 고스트","물, 비행","고스트, 페어리","페어리, 비행",노말,"물, 얼음","바위, 악",드래곤,"물, 페어리","불꽃, 비행"
염뉴트,"고스트, 페어리","드래곤, 고스트","땅, 강철","비행, 강철","페어리, 비행","물, 비행","바위, 악","전기, 물","물, 페어리","풀, 강철"
동탁군,"드래곤, 고스트","고스트, 페어리","땅, 강철","페어리, 비행","물, 비행",노말,"물, 페어리","전기, 물","전기, 불꽃","고스트, 불꽃"
갑주무사,"드래곤, 고스트","땅, 강철","페어리, 비행","고스트, 페어리","전기, 불꽃","바위, 악","풀, 강철","비행, 강철","악, 드래곤","벌레, 강철"
깨비물거미,"고스트, 페어리","페어리, 비행","드래곤, 고스트","땅, 강철","전기, 드래곤","비행, 강철","풀, 강철",얼음,"벌레, 강철","전기, 불꽃"
에이스번,"드래곤, 고스트","고스트, 페어리","페어리, 비행","땅, 강철","전기, 물",풀,땅,노말,"물, 비행","물, 얼음"
드래펄트,불꽃,"고스트, 페어리","땅, 강철","페어리, 비행","전기, 물",노말,"물, 비행",땅,풀,"물, 페어리"
따라큐,불꽃,"드래곤, 고스트","페어리, 비행","땅, 강철","전기, 물",노말,"물, 얼음","물, 비행",땅,풀
토게키스,불꽃,"드래곤, 고스트","땅, 강철","고스트, 페어리","전기, 물",노말,땅,"물, 비행",풀,"풀, 강철"
몰드류,불꽃,"드래곤, 고스트","페어리, 비행","고스트, 페어리","전기, 물","물, 비행",노말,"물, 얼음","물, 페어리",풀
로토무,불꽃,"드래곤, 고스트","페어리, 비행","땅, 강철","고스트, 페어리",땅,노말,풀,"풀, 강철","물, 비행"
갸라도스,불꽃,"드래곤, 고스트","땅, 강철","고스트, 페어리","페어리, 비행",땅,노말,"풀, 강철","전기, 불꽃",풀
고릴타,불꽃,"드래곤, 고스트","페어리, 비행","고스트, 페어리","땅, 강철","전기, 물",땅,"독, 물","물, 비행","물, 페어리"
잠만보,"드래곤, 고스트",불꽃,"페어리, 비행","고스트, 페어리","땅, 강철","전기, 물","물, 비행",땅,"물, 얼음",풀
하마돈,불꽃,"드래곤, 고스트","페어리, 비행","고스트, 페어리","전기, 물","물, 비행","땅, 강철",풀,"풀, 강철",노말
라프라스,불꽃,"드래곤, 고스트","고스트, 페어리","땅, 강철","페어리, 비행",땅,노말,풀,"전기, 물","풀, 강철"
누리레느,불꽃,"드래곤, 고스트","땅, 강철","고스트, 페어리","페어리, 비행",풀,"풀, 강철","전기, 드래곤",땅,노말
너트령,불꽃,"드래곤, 고스트","고스트, 페어리","페어리, 비행","땅, 강철","물, 비행","전기, 물",땅,"물, 페어리","전기, 불꽃"
아머까오,불꽃,"드래곤, 고스트","고스트, 페어리","땅, 강철","전기, 물","독, 물","페어리, 비행","전기, 드래곤",풀,노말
파치래곤,불꽃,"페어리, 비행","드래곤, 고스트","고스트, 페어리","땅, 강철",풀,"물, 페어리","물, 비행","비행, 강철",땅
로토무,"드래곤, 고스트","고스트, 페어리","땅, 강철","물, 비행",불꽃,"페어리, 비행","풀, 강철",풀,땅,"물, 페어리"
더시마사리,불꽃,"드래곤, 고스트",풀,"땅, 강철","페어리, 비행","고스트, 페어리","비행, 강철","풀, 강철",노말,땅
불비달마,불꽃,"드래곤, 고스트","페어리, 비행","고스트, 페어리","땅, 강철","전기, 물","물, 비행",노말,땅,풀
오롱털,불꽃,"드래곤, 고스트","페어리, 비행","땅, 강철","전기, 물","고스트, 페어리",풀,"물, 비행",노말,땅
마기라스,"드래곤, 고스트",불꽃,"땅, 강철","고스트, 페어리","페어리, 비행","물, 비행","비행, 강철","전기, 물",풀,"독, 물"
리자몽,"고스트, 페어리","드래곤, 고스트","땅, 강철",불꽃,"전기, 물",풀,노말,불꽃,"물, 얼음",땅
킬가르도,불꽃,"물, 비행","드래곤, 고스트","페어리, 비행","고스트, 페어리",땅,"땅, 강철",노말,"악, 드래곤","전기, 물"
삼삼드래,불꽃,"고스트, 페어리","물, 비행","땅, 강철","강철, 고스트","페어리, 비행",땅,"드래곤, 고스트","전기, 물",풀
어흥염,"드래곤, 고스트",불꽃,"땅, 강철","페어리, 비행","전기, 물","고스트, 페어리",풀,"물, 페어리","물, 비행",노말
엘풍,불꽃,"드래곤, 고스트","고스트, 페어리","페어리, 비행","땅, 강철","물, 비행","전기, 물","물, 얼음",노말,"전기, 드래곤"
루카리오,불꽃,"드래곤, 고스트","고스트, 페어리","페어리, 비행","전기, 물",땅,"물, 얼음","물, 비행",풀,"땅, 강철"
님피아,불꽃,"드래곤, 고스트","땅, 강철","물, 비행","전기, 물",풀,"고스트, 페어리","비행, 강철",땅,"물, 얼음"
픽시,불꽃,"드래곤, 고스트","땅, 강철","고스트, 페어리","물, 비행","비행, 강철","독, 물","전기, 물",노말,"물, 얼음"
액스라이즈,불꽃,"페어리, 비행","고스트, 페어리","드래곤, 고스트","전기, 물","물, 비행","물, 얼음","물, 페어리","전기, 불꽃","불꽃, 비행"
파르토,불꽃,"고스트, 페어리","드래곤, 고스트","페어리, 비행","물, 얼음","물, 페어리","전기, 물","풀, 강철","물, 비행",풀
어래곤,불꽃,"고스트, 페어리","드래곤, 고스트","페어리, 비행","땅, 강철",노말,"물, 얼음","전기, 드래곤",풀,"악, 페어리"
코산호,불꽃,"땅, 강철","드래곤, 고스트","페어리, 비행","고스트, 페어리","물, 얼음",노말,"전기, 물","독, 물",풀
윈디,"드래곤, 고스트","땅, 강철","물, 비행","페어리, 비행","고스트, 페어리",불꽃,풀,"전기, 물",노말,"물, 얼음"
로토무,불꽃,"드래곤, 고스트","땅, 강철","고스트, 페어리","페어리, 비행","물, 비행",땅,"물, 페어리",노말,"물, 얼음"
거대코뿌리,불꽃,"드래곤, 고스트","고스트, 페어리","페어리, 비행","물, 페어리","물, 비행","풀, 강철",풀,"전기, 물","비행, 강철"
파르셀,불꽃,"드래곤, 고스트","페어리, 비행","고스트, 페어리","땅, 강철","전기, 물",노말,"악, 페어리","물, 비행","물, 얼음"
트리토돈,불꽃,"드래곤, 고스트","페어리, 비행","비행, 강철","고스트, 페어리","물, 비행","땅, 강철","독, 물",노말,"풀, 강철"
스트린더,불꽃,"드래곤, 고스트","고스트, 페어리","물, 비행",풀,"땅, 강철","페어리, 비행",땅,"비행, 강철","물, 페어리"
가로막구리,불꽃,"드래곤, 고스트","페어리, 비행","물, 비행","땅, 강철","고스트, 페어리",땅,"전기, 물",풀,"강철, 고스트"
인텔리레온,불꽃,"드래곤, 고스트",풀,"고스트, 페어리","땅, 강철","페어리, 비행",노말,"전기, 드래곤","비행, 강철","악, 페어리"
두랄루돈,불꽃,"드래곤, 고스트","고스트, 페어리","물, 비행",풀,"페어리, 비행","땅, 강철",노말,"전기, 물",땅
샹델라,불꽃,"땅, 강철","고스트, 페어리","드래곤, 고스트","물, 비행","페어리, 비행","전기, 물",풀,"풀, 강철","물, 얼음"
밀로틱,불꽃,"드래곤, 고스트","땅, 강철","페어리, 비행","고스트, 페어리",풀,"풀, 강철",노말,"전기, 드래곤","전기, 불꽃"
스트린더,불꽃,"드래곤, 고스트","고스트, 페어리","물, 비행",풀,"페어리, 비행","땅, 강철",땅,"비행, 강철","물, 페어리"
로토무,불꽃,"드래곤, 고스트","고스트, 페어리","땅, 강철","물, 페어리",풀,땅,"풀, 강철","물, 비행",노말
블래키,불꽃,"드래곤, 고스트","땅, 강철","고스트, 페어리","페어리, 비행","물, 비행","전기, 물",페어리,에스퍼,풀
만마드,불꽃,"드래곤, 고스트","페어리, 비행",풀,"고스트, 페어리","물, 얼음","전기, 물",노말,"물, 비행","풀, 강철"
브리무음,불꽃,"드래곤, 고스트","땅, 강철","고스트, 페어리",풀,"물, 비행","물, 얼음",노말,"땅, 바위","전기, 물"
팬텀,불꽃,"고스트, 페어리","드래곤, 고스트",노말,"페어리, 비행","물, 비행","물, 얼음","땅, 강철","전기, 물",풀
미끄래곤,불꽃,"땅, 강철","고스트, 페어리","페어리, 비행","물, 비행","드래곤, 고스트","비행, 강철","전기, 물",풀,"물, 페어리"
코터스,"불꽃, 비행","고스트, 페어리",불꽃,"드래곤, 고스트","땅, 강철","풀, 독","페어리, 비행","물, 얼음",노말,풀
두빅굴,불꽃,"드래곤, 고스트","고스트, 페어리","페어리, 비행","비행, 강철",노말,"전기, 드래곤","물, 비행","전기, 불꽃",풀
누오,불꽃,"드래곤, 고스트","독, 물","페어리, 비행","비행, 강철",노말,"고스트, 페어리","바위, 악","풀, 강철","땅, 강철"
아이앤트,"드래곤, 고스트",불꽃,"페어리, 비행","고스트, 페어리","전기, 물","땅, 강철","물, 비행",노말,"물, 얼음","악, 페어리"
가디안,불꽃,"드래곤, 고스트","고스트, 페어리","물, 비행","땅, 강철",땅,"전기, 물","물, 얼음",풀,"비행, 강철"
메타몽,불꽃,"드래곤, 고스트","고스트, 페어리","페어리, 비행","독, 물","땅, 강철",풀,"비행, 강철",노말,"물, 비행"
에써르,불꽃,풀,"고스트, 페어리","드래곤, 고스트","페어리, 비행","물, 비행",땅,"땅, 강철","물, 페어리","전기, 물"
샤미드,불꽃,"땅, 강철","고스트, 페어리","드래곤, 고스트","페어리, 비행",페어리,전기,풀,악,에스퍼
에브이,불꽃,"드래곤, 고스트","땅, 강철","페어리, 비행",악,"고스트, 페어리",페어리,"전기, 물","물, 비행",물
나인테일,불꽃,"드래곤, 고스트","땅, 강철","페어리, 비행","고스트, 페어리","물, 비행","물, 페어리","전기, 물",노말,풀
노보청,"땅, 강철",불꽃,"고스트, 페어리","드래곤, 고스트","페어리, 비행","전기, 물","물, 얼음","물, 비행","전기, 불꽃","물, 페어리"
워글,"드래곤, 고스트",불꽃,"땅, 강철","고스트, 페어리","물, 페어리","전기, 물","풀, 강철","물, 얼음",풀,"전기, 불꽃"
가재장군,불꽃,"드래곤, 고스트","고스트, 페어리","페어리, 비행","땅, 강철",풀,"전기, 불꽃",노말,"물, 비행","전기, 드래곤"
빙큐보,불꽃,"드래곤, 고스트","땅, 강철","페어리, 비행","고스트, 페어리",풀,"전기, 물","물, 페어리",노말,"물, 얼음"
마휘핑,불꽃,"드래곤, 고스트","땅, 강철","비행, 강철","물, 얼음","고스트, 페어리","물, 비행","전기, 물","페어리, 비행",풀
석탄산,풀,"드래곤, 고스트",불꽃,"비행, 강철","고스트, 페어리","풀, 강철","물, 비행","독, 물","페어리, 비행","땅, 강철"
맘모꾸리,불꽃,"드래곤, 고스트","고스트, 페어리","물, 비행","페어리, 비행","전기, 물",풀,"물, 페어리","물, 얼음","풀, 강철"
절각참,불꽃,"드래곤, 고스트","고스트, 페어리","페어리, 비행","물, 비행","전기, 물",풀,"땅, 강철","물, 얼음","전기, 드래곤"
란쿨루스,불꽃,"드래곤, 고스트","고스트, 페어리","땅, 강철","페어리, 비행","물, 비행","독, 물","비행, 강철","전기, 물",노말
패리퍼,"물, 바위","풀, 강철",불꽃,"드래곤, 고스트","땅, 강철","고스트, 페어리","페어리, 비행","물, 땅",땅,풀
해무기,"드래곤, 고스트",불꽃,"땅, 강철","고스트, 페어리","페어리, 비행",노말,풀,"물, 얼음","풀, 강철","전기, 불꽃"
포트데스,불꽃,"드래곤, 고스트","고스트, 페어리","페어리, 비행","땅, 강철","물, 얼음","물, 비행","악, 페어리",풀,"전기, 물"
갈가부기,"물, 비행","풀, 강철",불꽃,"드래곤, 고스트","땅, 강철","페어리, 비행","고스트, 페어리",풀,땅,노말
창파나이트,불꽃,"고스트, 페어리","드래곤, 고스트","땅, 강철","페어리, 비행","물, 비행","물, 얼음","전기, 물","물, 페어리","전기, 드래곤"
쥬피썬더,불꽃,페어리,물,"물, 비행",악,"드래곤, 고스트",얼음,에스퍼,"고스트, 페어리","페어리, 비행"
또도가스,불꽃,"드래곤, 고스트",풀,"물, 비행","땅, 강철",노말,"고스트, 페어리","비행, 강철","물, 얼음","전기, 물"
거북왕,불꽃,"드래곤, 고스트","땅, 강철",풀,"페어리, 비행","고스트, 페어리",노말,"불꽃, 비행","악, 페어리","전기, 드래곤"
토게데마루,불꽃,"드래곤, 고스트","페어리, 비행","땅, 강철","물, 비행",풀,"고스트, 페어리","물, 페어리","물, 얼음","전기, 물"
루차불,"드래곤, 고스트",불꽃,"땅, 강철","고스트, 페어리",풀,"전기, 물","물, 얼음",노말,"물, 페어리","페어리, 비행"
이상해꽃,불꽃,불꽃,"드래곤, 고스트","고스트, 페어리","불꽃, 비행","땅, 강철",노말,"물, 비행","물, 얼음","페어리, 비행"
랜턴,불꽃,"비행, 강철","물, 비행","드래곤, 고스트","고스트, 페어리","페어리, 비행","땅, 강철",풀,"풀, 강철",얼음
버랜지나,불꽃,"땅, 강철","드래곤, 고스트","고스트, 페어리","전기, 불꽃","풀, 강철","페어리, 비행","독, 물",풀,"물, 페어리"
일레도리자드,불꽃,"드래곤, 고스트","땅, 강철","고스트, 페어리","페어리, 비행","물, 비행",땅,풀,"물, 페어리","비행, 강철"
모스노우,불꽃,"독, 물","드래곤, 고스트","비행, 강철","땅, 강철","물, 땅","물, 비행",얼음,"고스트, 페어리","바위, 악"
포푸니라,불꽃,"드래곤, 고스트","페어리, 비행",풀,"고스트, 페어리","물, 얼음","땅, 강철","물, 페어리","전기, 물","물, 비행"
버터플,불꽃,"드래곤, 고스트","페어리, 비행","풀, 페어리","고스트, 페어리","땅, 강철","악, 페어리","물, 얼음","물, 비행",노말
글레이시아,불꽃,"드래곤, 고스트",페어리,악,물,"땅, 강철",전기,"고스트, 페어리",에스퍼,"페어리, 비행"
짜랑고우거,불꽃,"땅, 강철","페어리, 비행","물, 비행","고스트, 페어리","드래곤, 고스트","악, 페어리","물, 페어리","전기, 물","물, 얼음"
기가이어스,불꽃,"드래곤, 고스트","땅, 강철","풀, 강철",풀,"고스트, 페어리",불꽃,"페어리, 비행","물, 비행","고스트, 불꽃"
타입:널,불꽃,"드래곤, 고스트","페어리, 비행","고스트, 페어리","땅, 강철","전기, 물","물, 비행",얼음,풀,"벌레, 강철"
치라치노,불꽃,"페어리, 비행","드래곤, 고스트","고스트, 페어리","물, 얼음","땅, 강철",풀,"물, 땅","전기, 물",드래곤
드래피온,불꽃,"드래곤, 고스트","페어리, 비행","고스트, 페어리","땅, 강철","물, 비행","물, 얼음","전기, 물",풀,"비행, 강철"
모르페코,불꽃,"드래곤, 고스트","페어리, 비행","고스트, 페어리","땅, 강철","물, 얼음",풀,"물, 비행","비행, 강철",노말
둥실라이드,불꽃,"드래곤, 고스트","땅, 강철","페어리, 비행","고스트, 페어리",풀,노말,"물, 얼음","물, 비행","바위, 악"
꼬치조,불꽃,"드래곤, 고스트",풀,"페어리, 비행","땅, 강철","고스트, 페어리","전기, 불꽃","물, 비행","풀, 강철",노말
크레베이스,"독, 물","드래곤, 고스트",노말,불꽃,"비행, 강철","물, 땅",페어리,"얼음, 벌레","물, 비행","고스트, 페어리"
전툴라,불꽃,"드래곤, 고스트","페어리, 비행","물, 비행","땅, 강철",풀,"고스트, 페어리","물, 드래곤",얼음,"벌레, 강철"
사다이사,불꽃,"땅, 강철","드래곤, 고스트","페어리, 비행","고스트, 페어리","물, 비행",풀,"전기, 물","물, 얼음","비행, 강철"
깜까미,불꽃,"땅, 강철","페어리, 비행","드래곤, 고스트",풀,"고스트, 페어리","물, 얼음","물, 비행",노말,"전기, 물"
에이스번,풀,노말,"페어리, 비행","드래곤, 고스트","고스트, 페어리",땅,"물, 비행","전기, 강철","땅, 강철","격투, 물"
고릴타,불꽃,노말,"페어리, 비행","드래곤, 고스트",땅,"고스트, 페어리","물, 비행","전기, 강철","전기, 드래곤","격투, 물"
드래펄트,불꽃,풀,"페어리, 비행",노말,"고스트, 페어리",땅,"물, 비행","땅, 강철","격투, 물","전기, 강철"
토게키스,불꽃,풀,"드래곤, 고스트",노말,땅,"고스트, 페어리","땅, 강철","물, 비행","격투, 물","전기, 드래곤"
폴리곤2,불꽃,풀,"드래곤, 고스트","페어리, 비행",땅,"고스트, 페어리","물, 비행","전기, 드래곤","전기, 강철","격투, 물"
따라큐,불꽃,풀,노말,"드래곤, 고스트","페어리, 비행",땅,"물, 비행","전기, 드래곤","땅, 강철","격투, 물"
갸라도스,불꽃,풀,노말,땅,"드래곤, 고스트","페어리, 비행","고스트, 페어리","전기, 강철","땅, 강철","전기, 드래곤"
하마돈,불꽃,풀,노말,"페어리, 비행","드래곤, 고스트","물, 비행","고스트, 페어리","전기, 드래곤","전기, 강철","격투, 물"
몰드류,불꽃,"페어리, 비행","드래곤, 고스트",풀,"물, 비행","고스트, 페어리",노말,"전기, 물","격투, 물","물, 얼음"
자포코일,불꽃,풀,"물, 비행",노말,"드래곤, 고스트","페어리, 비행",땅,"고스트, 페어리","격투, 물","물, 페어리"
우라오스,불꽃,풀,"페어리, 비행",노말,"드래곤, 고스트","고스트, 페어리",땅,"전기, 강철","땅, 강철","전기, 드래곤"
파치래곤,불꽃,풀,노말,"페어리, 비행",땅,"고스트, 페어리","드래곤, 고스트","물, 비행","물, 페어리","격투, 물"
라프라스,불꽃,풀,"드래곤, 고스트","고스트, 페어리","페어리, 비행",노말,땅,"땅, 강철","전기, 드래곤","격투, 물"
마릴리,불꽃,풀,노말,"드래곤, 고스트","페어리, 비행","전기, 강철","고스트, 페어리",땅,"땅, 강철","전기, 드래곤"
로토무,불꽃,풀,"드래곤, 고스트","페어리, 비행","고스트, 페어리","땅, 강철",땅,노말,"물, 비행","격투, 물"
더시마사리,불꽃,풀,"드래곤, 고스트",노말,"페어리, 비행","고스트, 페어리",땅,"땅, 강철",노말,"물, 땅"
우라오스,불꽃,풀,노말,"페어리, 비행","드래곤, 고스트","고스트, 페어리","물, 비행",땅,"전기, 강철","전기, 드래곤"
누리레느,불꽃,풀,"드래곤, 고스트",노말,"전기, 드래곤","고스트, 페어리",땅,"땅, 강철","페어리, 비행","전기, 강철"
로토무,풀,"드래곤, 고스트",불꽃,"물, 비행","페어리, 비행","고스트, 페어리",땅,노말,"땅, 강철","격투, 물"
리자몽,풀,"고스트, 페어리","드래곤, 고스트",불꽃,노말,"전기, 드래곤",땅,"격투, 물","땅, 강철",불꽃
불카모스,풀,불꽃,"물, 비행",노말,땅,"드래곤, 고스트","고스트, 페어리","전기, 강철","물, 페어리","격투, 물"
루가루암,불꽃,풀,노말,"페어리, 비행","드래곤, 고스트","고스트, 페어리","전기, 강철","물, 비행","격투, 물",땅
윈디,풀,"드래곤, 고스트",불꽃,"페어리, 비행",노말,"물, 비행","고스트, 페어리","땅, 강철","전기, 강철",땅
드래캄,불꽃,풀,노말,"고스트, 페어리","물, 비행","물, 페어리","페어리, 비행","전기, 강철",땅,"드래곤, 고스트"
핫삼,불꽃,노말,풀,"드래곤, 고스트","페어리, 비행","격투, 물",땅,"물, 비행","물, 드래곤","전기, 드래곤"
너트령,불꽃,"드래곤, 고스트","페어리, 비행","물, 비행","고스트, 페어리",땅,노말,"독, 물","전기, 불꽃","땅, 강철"
오롱털,불꽃,풀,"페어리, 비행","드래곤, 고스트","땅, 강철","물, 비행","격투, 물","고스트, 페어리",노말,"전기, 물"
아머까오,불꽃,"드래곤, 고스트",풀,"고스트, 페어리","전기, 드래곤","독, 물",노말,"땅, 강철",땅,"페어리, 비행"
해피너스,불꽃,풀,"독, 물","드래곤, 고스트","페어리, 비행","강철, 비행","물, 비행",땅,"물, 땅","격투, 물"
로토무,불꽃,풀,"고스트, 페어리","드래곤, 고스트",노말,땅,"땅, 강철","물, 비행","격투, 물","물, 페어리"
마기라스,불꽃,"드래곤, 고스트",풀,"페어리, 비행","물, 비행","땅, 강철","고스트, 페어리","독, 물","격투, 물","전기, 물"
킹드라,불꽃,물,풀,노말,"전기, 강철","벌레, 강철","페어리, 비행","고스트, 페어리","물, 비행","풀, 강철"
잠만보,불꽃,"드래곤, 고스트","페어리, 비행","고스트, 페어리",풀,"물, 비행","땅, 강철",땅,"전기, 물","물, 얼음"
무장조,불꽃,풀,노말,"독, 물",노말,"드래곤, 고스트","고스트, 페어리","물, 땅","물, 비행",땅
엘풍,불꽃,"드래곤, 고스트","페어리, 비행","고스트, 페어리",풀,노말,"물, 비행","전기, 드래곤","땅, 강철",땅
텅구리,노말,풀,불꽃,"페어리, 비행","물, 비행","에스퍼, 페어리","고스트, 페어리","전기, 강철","격투, 물","독, 드래곤"
킬가르도,불꽃,풀,"물, 비행",노말,땅,"페어리, 비행","고스트, 페어리","악, 드래곤","드래곤, 고스트","전기, 드래곤"
폴리곤Z,불꽃,풀,"고스트, 페어리","드래곤, 고스트",노말,"페어리, 비행","물, 비행","격투, 물",땅,"전기, 드래곤"
어흥염,풀,"드래곤, 고스트","페어리, 비행",불꽃,"물, 비행","고스트, 페어리",노말,"땅, 강철",땅,"전기, 물"
불비달마,불꽃,"드래곤, 고스트",풀,"페어리, 비행","고스트, 페어리","물, 비행",노말,땅,"전기, 드래곤","땅, 강철"
님피아,불꽃,풀,"물, 비행","드래곤, 고스트","땅, 강철",땅,노말,"격투, 물","전기, 드래곤","고스트, 페어리"
조로아크,불꽃,풀,"드래곤, 고스트","페어리, 비행",노말,"고스트, 페어리","물, 비행","전기, 강철","격투, 물","물, 페어리"
삼삼드래,불꽃,풀,"고스트, 페어리","물, 비행","강철, 고스트","땅, 강철","페어리, 비행",땅,"격투, 물",노말
거대코뿌리,불꽃,풀,"페어리, 비행",노말,"물, 비행","드래곤, 고스트","고스트, 페어리","전기, 강철","독, 드래곤","물, 페어리"
브리무음,불꽃,풀,"독, 드래곤","불꽃, 고스트","드래곤, 고스트",노말,"물, 비행","격투, 물","전기, 강철","고스트, 페어리"
야도란,불꽃,풀,노말,"격투, 물","드래곤, 고스트","페어리, 비행","고스트, 페어리","물, 비행","물, 페어리","격투, 악"
에써르,불꽃,풀,노말,"드래곤, 고스트","고스트, 페어리","페어리, 비행","물, 비행",땅,"전기, 드래곤","격투, 물"
이상해꽃,불꽃,불꽃,"물, 비행","드래곤, 고스트",노말,"불꽃, 비행","고스트, 페어리","페어리, 비행","전기, 드래곤","격투, 물"
어래곤,불꽃,"페어리, 비행","드래곤, 고스트","고스트, 페어리",풀,노말,"전기, 드래곤","땅, 강철","전기, 강철","물, 얼음"
미끄래곤,불꽃,풀,"페어리, 비행","물, 비행","고스트, 페어리","격투, 물","드래곤, 고스트","땅, 강철",노말,"전기, 강철"
렌트라,불꽃,풀,"페어리, 비행",노말,"격투, 물","드래곤, 고스트","땅, 강철","물, 비행","벌레, 강철","고스트, 페어리"
루카리오,불꽃,"드래곤, 고스트","페어리, 비행",풀,"고스트, 페어리",땅,노말,"물, 비행","불꽃, 비행","전기, 물"
코산호,불꽃,"페어리, 비행",풀,"드래곤, 고스트",노말,"땅, 강철","고스트, 페어리","독, 물","물, 비행","물, 얼음"
트리토돈,불꽃,"고스트, 페어리",풀,"페어리, 비행",노말,"드래곤, 고스트","전기, 드래곤","물, 비행","전기, 강철","독, 물"
픽시,불꽃,"드래곤, 고스트",풀,"물, 비행",노말,"독, 물","땅, 강철","전기, 드래곤","고스트, 페어리",땅
인텔리레온,불꽃,풀,"드래곤, 고스트","고스트, 페어리","페어리, 비행","전기, 드래곤","전기, 강철",노말,땅,"땅, 강철"
코터스,"풀, 독","불꽃, 비행",불꽃,"고스트, 페어리",풀,"드래곤, 고스트","전기, 드래곤",노말,"땅, 강철","페어리, 비행"
파이어로,풀,노말,불꽃,"드래곤, 고스트","전기, 강철","물, 페어리","격투, 물","땅, 강철","고스트, 페어리",땅
클레피,불꽃,풀,"페어리, 비행","드래곤, 고스트","물, 비행","격투, 물","물, 페어리",노말,"땅, 강철","전기, 드래곤"
누오,"독, 물",노말,불꽃,"강철, 비행","드래곤, 고스트",풀,"페어리, 비행",노말,"비행, 강철",노말
악비아르,불꽃,풀,"물, 비행","페어리, 비행","전기, 강철",노말,"드래곤, 고스트","물, 페어리","벌레, 불꽃","고스트, 페어리"
액스라이즈,불꽃,"페어리, 비행",풀,"물, 비행","드래곤, 고스트","고스트, 페어리","물, 얼음","불꽃, 비행","전기, 강철",땅
두랄루돈,불꽃,풀,"드래곤, 고스트","페어리, 비행","물, 비행","고스트, 페어리","격투, 물",땅,"전기, 드래곤",노말
샹델라,풀,불꽃,"물, 비행","페어리, 비행","고스트, 페어리","땅, 강철","드래곤, 고스트","물, 페어리","전기, 드래곤",노말
거북왕,불꽃,풀,"드래곤, 고스트","페어리, 비행","불꽃, 비행","고스트, 페어리","전기, 드래곤","전기, 강철","풀, 독",노말
스트린더,불꽃,풀,"드래곤, 고스트","물, 비행","페어리, 비행","격투, 물","고스트, 페어리",땅,"땅, 강철",노말
나인테일,불꽃,풀,"드래곤, 고스트","페어리, 비행","물, 비행",노말,"격투, 물","전기, 드래곤","물, 페어리","고스트, 페어리"
석탄산,풀,불꽃,"물, 비행","드래곤, 고스트","페어리, 비행","벌레, 강철",땅,"고스트, 페어리","격투, 물","전기, 드래곤"
팬텀,불꽃,풀,"페어리, 비행","물, 비행","드래곤, 고스트","고스트, 페어리",노말,땅,"물, 얼음","격투, 물"
밀로틱,불꽃,풀,"드래곤, 고스트","페어리, 비행","땅, 강철","고스트, 페어리",노말,"전기, 드래곤","벌레, 강철",땅
펜드라,불꽃,풀,"드래곤, 고스트",노말,"페어리, 비행","물, 비행","격투, 물","고스트, 페어리","전기, 드래곤","전기, 강철"
가디안,불꽃,풀,"드래곤, 고스트","물, 비행",노말,"고스트, 페어리",땅,"격투, 물","땅, 강철","페어리, 비행"
가로막구리,불꽃,"드래곤, 고스트",풀,"페어리, 비행","물, 비행","고스트, 페어리","땅, 강철",땅,"격투, 물","전기, 드래곤"
만마드,불꽃,풀,"페어리, 비행","드래곤, 고스트","물, 비행","전기, 강철","물, 얼음","고스트, 페어리",노말,"격투, 물"
왕구리,"물, 드래곤",불꽃,풀,"벌레, 강철","전기, 강철",노말,"풀, 강철","페어리, 비행","고스트, 페어리","전기, 드래곤"
스트린더,불꽃,풀,"드래곤, 고스트","물, 비행","페어리, 비행",땅,"고스트, 페어리","격투, 물",노말,"땅, 강철"
스라크,불꽃,풀,"드래곤, 고스트","전기, 강철","격투, 물","물, 페어리",땅,"물, 비행","페어리, 비행","고스트, 페어리"
메타몽,불꽃,풀,"드래곤, 고스트","페어리, 비행",노말,"독, 물","고스트, 페어리","물, 비행","땅, 강철","격투, 물"
버랜지나,불꽃,"드래곤, 고스트",풀,노말,"땅, 강철","독, 물",땅,"전기, 드래곤","전기, 강철",노말
로토무,불꽃,"드래곤, 고스트","페어리, 비행","땅, 강철","고스트, 페어리","물, 비행",땅,"격투, 물","물, 페어리",노말
파르셀,불꽃,"페어리, 비행","드래곤, 고스트",풀,"고스트, 페어리","물, 비행","땅, 강철","전기, 드래곤","악, 페어리","물, 얼음"
블래키,불꽃,"드래곤, 고스트","페어리, 비행",풀,"땅, 강철",페어리,"고스트, 페어리","물, 비행",에스퍼,물
파르토,불꽃,"페어리, 비행","드래곤, 고스트",풀,"고스트, 페어리","물, 비행",노말,"전기, 강철","물, 페어리","격투, 물"
뽀록나,불꽃,노말,"드래곤, 고스트","독, 물","고스트, 페어리","페어리, 비행","물, 비행",노말,땅,"강철, 비행"
에브이,불꽃,"드래곤, 고스트",풀,"페어리, 비행",페어리,악,"땅, 강철","물, 비행",전기,물
럭키,불꽃,"독, 물","드래곤, 고스트",풀,"강철, 비행","페어리, 비행",땅,"물, 땅","물, 비행","고스트, 페어리"
워글,불꽃,풀,"드래곤, 고스트","고스트, 페어리","전기, 강철","물, 페어리",노말,땅,"땅, 강철","격투, 물"
또도가스,불꽃,풀,"물, 비행","드래곤, 고스트","격투, 물","전기, 드래곤","전기, 강철",노말,"땅, 강철","고스트, 페어리"
해무기,불꽃,풀,"드래곤, 고스트","고스트, 페어리","페어리, 비행","땅, 강철",노말,"전기, 강철","물, 비행","전기, 드래곤"
테라키온,불꽃,풀,노말,"물, 비행","페어리, 비행","고스트, 페어리","드래곤, 고스트","전기, 비행","전기, 강철","전기, 물"
두빅굴,불꽃,"페어리, 비행",풀,"드래곤, 고스트","고스트, 페어리","전기, 드래곤","물, 비행","비행, 강철",노말,"전기, 강철"
란쿨루스,불꽃,풀,"페어리, 비행",노말,"드래곤, 고스트","고스트, 페어리","물, 비행","물, 페어리","독, 물","땅, 강철"
드래피온,불꽃,"드래곤, 고스트","페어리, 비행",풀,"물, 비행","고스트, 페어리","전기, 물","물, 얼음","격투, 물",노말
코바르온,불꽃,풀,"드래곤, 고스트",노말,"페어리, 비행","물, 비행","고스트, 페어리","땅, 강철",땅,"전기, 강철"
패리퍼,"물, 드래곤",불꽃,"풀, 강철",풀,"전기, 강철","물, 바위",노말,"고스트, 페어리","땅, 강철","벌레, 강철"
고디모아젤,불꽃,"고스트, 페어리","드래곤, 고스트",풀,"페어리, 비행",노말,"풀, 페어리","전기, 드래곤","물, 비행","불꽃, 악"
마휘핑,불꽃,"드래곤, 고스트",풀,"물, 비행","땅, 강철","고스트, 페어리","물, 얼음","격투, 물","페어리, 비행","독, 물"
아이앤트,"드래곤, 고스트","페어리, 비행",불꽃,풀,"고스트, 페어리","벌레, 불꽃","물, 비행","전기, 물","벌레, 전기","땅, 강철"
큐아링,불꽃,풀,"드래곤, 고스트","물, 비행",노말,"격투, 물",바위,"전기, 강철","땅, 강철","독, 물"
에이스번,"페어리, 비행",노말,"드래곤, 고스트",땅,풀,"고스트, 페어리","물, 비행","격투, 물","전기, 물","전기, 강철"
토게키스,불꽃,"드래곤, 고스트",노말,땅,"고스트, 페어리",풀,"물, 비행","격투, 물","전기, 드래곤","전기, 물"
드래펄트,불꽃,"페어리, 비행",노말,땅,풀,"물, 비행","고스트, 페어리","전기, 물","땅, 강철","격투, 물"
폴리곤2,불꽃,"페어리, 비행","드래곤, 고스트",땅,"고스트, 페어리",풀,"물, 비행","전기, 드래곤","격투, 물","격투, 악"
따라큐,불꽃,"페어리, 비행",노말,"드래곤, 고스트",땅,풀,"격투, 물","전기, 드래곤","물, 비행","격투, 악"
고릴타,불꽃,"페어리, 비행","드래곤, 고스트",노말,땅,"고스트, 페어리","전기, 강철","격투, 물","물, 비행","전기, 물"
하마돈,불꽃,"페어리, 비행",노말,"드래곤, 고스트","물, 비행",풀,"고스트, 페어리","전기, 드래곤","격투, 물","전기, 물"
갸라도스,불꽃,"드래곤, 고스트","페어리, 비행",노말,땅,"고스트, 페어리",풀,"전기, 강철","땅, 강철","격투, 악"
우라오스,불꽃,"페어리, 비행",노말,"드래곤, 고스트","고스트, 페어리",풀,땅,"전기, 드래곤","전기, 강철","불꽃, 비행"
파치래곤,불꽃,"페어리, 비행",노말,"고스트, 페어리",땅,"격투, 물",풀,"드래곤, 고스트","격투, 악","물, 페어리"
몰드류,불꽃,"페어리, 비행","드래곤, 고스트",풀,"물, 비행",노말,"고스트, 페어리","전기, 물","격투, 물","물, 페어리"
자포코일,불꽃,"페어리, 비행","드래곤, 고스트",노말,풀,"물, 비행",땅,"고스트, 페어리","격투, 물","격투, 악"
로토무,불꽃,"페어리, 비행","드래곤, 고스트",땅,풀,노말,"고스트, 페어리","땅, 강철","격투, 물","풀, 강철"
우라오스,불꽃,"페어리, 비행",노말,"고스트, 페어리","드래곤, 고스트",땅,풀,"전기, 드래곤","물, 비행","전기, 강철"
누리레느,불꽃,"드래곤, 고스트",노말,"전기, 드래곤","페어리, 비행",풀,땅,"고스트, 페어리","땅, 강철","격투, 악"
리자몽,"고스트, 페어리","격투, 물",풀,"드래곤, 고스트","전기, 드래곤",노말,땅,불꽃,"전기, 물","페어리, 비행"
로토무,"드래곤, 고스트","페어리, 비행","고스트, 페어리",풀,불꽃,"물, 비행",노말,"격투, 물",땅,"땅, 강철"
라프라스,불꽃,"고스트, 페어리","드래곤, 고스트",풀,"페어리, 비행",땅,"격투, 물","땅, 강철","전기, 드래곤",노말
마릴리,불꽃,노말,"페어리, 비행","드래곤, 고스트",풀,"전기, 드래곤","고스트, 페어리","전기, 강철","격투, 물","땅, 강철"
핫삼,불꽃,노말,"드래곤, 고스트","격투, 물","페어리, 비행",땅,"전기, 드래곤","고스트, 페어리",풀,"물, 페어리"
더시마사리,불꽃,"드래곤, 고스트","페어리, 비행",노말,풀,땅,"땅, 강철","고스트, 페어리","풀, 강철","전기, 드래곤"
너트령,"페어리, 비행",불꽃,"드래곤, 고스트","물, 비행",땅,"전기, 물","고스트, 페어리","땅, 강철","전기, 불꽃","전기, 드래곤"
오롱털,불꽃,"페어리, 비행","드래곤, 고스트",풀,"땅, 강철","전기, 드래곤","격투, 물","물, 비행",노말,"고스트, 페어리"
어래곤,불꽃,"페어리, 비행","전기, 강철",노말,"고스트, 페어리","드래곤, 고스트",풀,땅,"격투, 악","전기, 드래곤"
님피아,불꽃,"드래곤, 고스트","물, 비행","격투, 물",땅,노말,"페어리, 비행","불꽃, 비행","전기, 물",풀
윈디,"페어리, 비행","드래곤, 고스트",풀,"고스트, 페어리","격투, 물",노말,불꽃,"물, 비행","전기, 드래곤","땅, 강철"
루가루암,불꽃,"페어리, 비행",풀,"드래곤, 고스트",노말,"고스트, 페어리","물, 비행","전기, 강철","격투, 물","불꽃, 비행"
엘풍,불꽃,"페어리, 비행","드래곤, 고스트",노말,"고스트, 페어리","물, 비행","전기, 드래곤","땅, 강철","불꽃, 비행",땅
아머까오,불꽃,"드래곤, 고스트","전기, 드래곤","고스트, 페어리","페어리, 비행","땅, 강철","독, 물",풀,"물, 페어리","전기, 물"
루카리오,불꽃,"드래곤, 고스트","페어리, 비행","고스트, 페어리","불꽃, 비행",땅,풀,노말,"물, 비행","전기, 물"
마기라스,불꽃,"드래곤, 고스트","페어리, 비행","물, 비행",풀,"땅, 강철","고스트, 페어리","독, 물","격투, 물","전기, 물"
불비달마,불꽃,"페어리, 비행","드래곤, 고스트","고스트, 페어리",풀,"전기, 드래곤",노말,"물, 비행","격투, 물",땅
불카모스,풀,"드래곤, 고스트","물, 비행","격투, 물","전기, 드래곤",불꽃,땅,"고스트, 페어리","페어리, 비행",노말
거대코뿌리,불꽃,"드래곤, 고스트",풀,"페어리, 비행","물, 비행","격투, 악","전기, 강철",노말,"격투, 물","전기, 드래곤"
잠만보,불꽃,"드래곤, 고스트","페어리, 비행","고스트, 페어리","불꽃, 비행","물, 비행","격투, 물","전기, 드래곤",풀,땅
어흥염,"드래곤, 고스트","페어리, 비행","전기, 물","땅, 강철",풀,불꽃,"풀, 강철","물, 페어리","고스트, 페어리","물, 비행"
삼삼드래,불꽃,"강철, 고스트","격투, 물","고스트, 페어리","물, 비행","페어리, 비행",풀,"전기, 드래곤","땅, 강철","전기, 불꽃"
킹드라,불꽃,"전기, 강철",물,풀,"벌레, 강철",노말,"고스트, 페어리","페어리, 비행","격투, 물","물, 비행"
트리토돈,불꽃,"페어리, 비행","고스트, 페어리","전기, 드래곤",노말,"드래곤, 고스트","격투, 물","물, 비행",풀,"불꽃, 비행"
드래캄,불꽃,노말,풀,"페어리, 비행","격투, 물","물, 비행","고스트, 페어리","드래곤, 고스트","물, 페어리","격투, 악"
해피너스,불꽃,"독, 물","드래곤, 고스트","페어리, 비행",땅,풀,"물, 비행","격투, 물","물, 땅","전기, 드래곤"
텅구리,노말,불꽃,풀,"페어리, 비행","드래곤, 고스트","물, 페어리","격투, 물","독, 물","에스퍼, 페어리","전기, 드래곤"
킬가르도,불꽃,"악, 드래곤","페어리, 비행",땅,"물, 비행","전기, 드래곤",풀,노말,"드래곤, 고스트","격투, 물"
이상해꽃,불꽃,불꽃,"고스트, 페어리","드래곤, 고스트","불꽃, 비행",노말,"페어리, 비행","물, 비행","격투, 물","바위, 악"
브리무음,불꽃,"드래곤, 고스트","격투, 물",노말,"불꽃, 고스트",풀,"독, 드래곤","전기, 드래곤","고스트, 페어리","땅, 바위"
미끄래곤,불꽃,"페어리, 비행","고스트, 페어리","격투, 물","물, 비행",풀,"땅, 강철","드래곤, 고스트",노말,"물, 페어리"
폴리곤Z,불꽃,"드래곤, 고스트","고스트, 페어리","페어리, 비행",풀,"전기, 드래곤","격투, 물",땅,"격투, 악","물, 비행"
로토무,불꽃,"드래곤, 고스트","고스트, 페어리",풀,노말,땅,"물, 페어리","땅, 강철","격투, 물","격투, 악"
렌트라,불꽃,"페어리, 비행",풀,"격투, 물","드래곤, 고스트",노말,"물, 페어리","땅, 강철","벌레, 강철","고스트, 페어리"
픽시,불꽃,"드래곤, 고스트","물, 비행",노말,"전기, 드래곤",풀,"독, 물","페어리, 비행","격투, 물","땅, 강철"
코산호,불꽃,"페어리, 비행","드래곤, 고스트",풀,"격투, 물","전기, 드래곤","땅, 강철",노말,"고스트, 페어리","독, 물"
무장조,불꽃,"독, 물","드래곤, 고스트",노말,노말,"물, 땅","전기, 드래곤","페어리, 비행","고스트, 페어리","바위, 악"
액스라이즈,"페어리, 비행",불꽃,"불꽃, 비행","격투, 물","전기, 물","물, 비행","드래곤, 고스트","전기, 불꽃","고스트, 페어리","물, 페어리"
큐아링,불꽃,"드래곤, 고스트","격투, 물",노말,"전기, 드래곤",풀,"페어리, 비행","물, 비행","전기, 강철","땅, 강철"
누오,"독, 물",불꽃,"페어리, 비행","드래곤, 고스트",노말,"강철, 비행","전기, 드래곤","고스트, 페어리","비행, 강철","전기, 불꽃"
파르토,"페어리, 비행",불꽃,"불꽃, 비행","격투, 물",페어리,"고스트, 페어리","전기, 물","드래곤, 고스트",풀,"전기, 드래곤"
인텔리레온,불꽃,풀,"드래곤, 고스트","페어리, 비행","고스트, 페어리","전기, 드래곤",노말,"전기, 강철","격투, 악","땅, 강철"
샹델라,"전기, 드래곤","페어리, 비행","물, 비행","격투, 물",불꽃,"땅, 강철",풀,"고스트, 페어리","물, 페어리","풀, 강철"
스트린더,불꽃,"드래곤, 고스트",풀,"페어리, 비행","물, 비행","격투, 물","고스트, 페어리",땅,"불꽃, 비행","격투, 악"
두랄루돈,불꽃,"페어리, 비행","격투, 물","드래곤, 고스트",풀,"전기, 드래곤","고스트, 페어리","물, 비행","물, 페어리","불꽃, 비행"
팬텀,불꽃,"페어리, 비행",풀,"고스트, 페어리","물, 비행","드래곤, 고스트","격투, 물","불꽃, 비행","물, 얼음","전기, 드래곤"
에써르,불꽃,풀,"드래곤, 고스트","페어리, 비행",노말,"고스트, 페어리","물, 비행","격투, 물","전기, 드래곤","물, 페어리"
거북왕,불꽃,풀,"드래곤, 고스트","페어리, 비행","전기, 드래곤","불꽃, 비행","고스트, 페어리","격투, 악","악, 페어리","풀, 독"
조로아크,불꽃,"드래곤, 고스트","페어리, 비행","고스트, 페어리","격투, 물",풀,"물, 비행",노말,"전기, 드래곤",땅
나인테일,불꽃,"드래곤, 고스트",풀,"페어리, 비행","전기, 드래곤","격투, 물","물, 비행","고스트, 페어리","불꽃, 비행","얼음, 강철"
코터스,"풀, 독","불꽃, 비행","고스트, 페어리",불꽃,노말,"드래곤, 고스트","페어리, 비행","전기, 드래곤","땅, 강철",풀
가디안,불꽃,"드래곤, 고스트","물, 비행",풀,땅,"격투, 물",노말,"고스트, 페어리","전기, 드래곤","불꽃, 비행"
밀로틱,불꽃,"페어리, 비행","드래곤, 고스트",풀,"땅, 강철","고스트, 페어리","전기, 드래곤",노말,"불꽃, 비행","격투, 물"
야도란,불꽃,"페어리, 비행","격투, 물",풀,노말,"드래곤, 고스트","고스트, 페어리","격투, 악","전기, 드래곤","물, 비행"
스트린더,불꽃,"드래곤, 고스트",풀,"페어리, 비행","격투, 물","물, 비행","고스트, 페어리",땅,노말,"불꽃, 비행"
만마드,불꽃,"페어리, 비행",풀,"드래곤, 고스트","격투, 물","전기, 드래곤","물, 얼음","고스트, 페어리","전기, 불꽃","전기, 물"
클레피,불꽃,"페어리, 비행",풀,"격투, 물","드래곤, 고스트","전기, 드래곤","물, 비행","땅, 강철","격투, 악","고스트, 페어리"
펜드라,불꽃,"풀, 페어리",노말,"불꽃, 비행","드래곤, 고스트","페어리, 비행","전기, 드래곤",노말,"전기, 비행","고스트, 페어리"
석탄산,풀,불꽃,"드래곤, 고스트","격투, 물","벌레, 강철","페어리, 비행","물, 비행","전기, 드래곤","고스트, 페어리","풀, 강철"
음번,불꽃,"고스트, 페어리","격투, 물",노말,"땅, 강철",풀,"전기, 드래곤","격투, 악","물, 페어리","전기, 강철"
악비아르,불꽃,"페어리, 비행","물, 비행","드래곤, 고스트",풀,노말,"격투, 물","전기, 강철","고스트, 페어리","전기, 드래곤"
에브이,불꽃,"드래곤, 고스트",페어리,"페어리, 비행",악,전기,물,"불꽃, 비행","격투, 물","땅, 강철"
파르셀,불꽃,"페어리, 비행","드래곤, 고스트","고스트, 페어리",풀,"땅, 강철","전기, 드래곤","물, 비행","악, 페어리","격투, 물"
워글,불꽃,"드래곤, 고스트","고스트, 페어리","물, 페어리",풀,"격투, 물",노말,땅,"땅, 강철","전기, 불꽃"
럭키,"페어리, 비행",불꽃,땅,"물, 비행","드래곤, 고스트","독, 물","격투, 물","고스트, 페어리","물, 땅","강철, 비행"
로토무,불꽃,"페어리, 비행","드래곤, 고스트","고스트, 페어리","격투, 물","땅, 강철",땅,"물, 비행",노말,"불꽃, 비행"
버랜지나,불꽃,"드래곤, 고스트","땅, 강철",땅,노말,"고스트, 페어리","독, 물",노말,"페어리, 비행","전기, 강철"
파이어로,"전기, 드래곤","드래곤, 고스트","격투, 물",풀,노말,"고스트, 페어리",불꽃,"땅, 강철","물, 페어리","격투, 악"
가로막구리,불꽃,"페어리, 비행","드래곤, 고스트","물, 비행",풀,"격투, 물","땅, 강철","전기, 드래곤","고스트, 페어리","전기, 불꽃"
두빅굴,"페어리, 비행",불꽃,"드래곤, 고스트","고스트, 페어리","전기, 드래곤",노말,"전기, 불꽃",풀,"물, 비행","격투, 물"
아이앤트,"드래곤, 고스트","페어리, 비행",불꽃,"전기, 드래곤","전기, 물","격투, 물","전기, 불꽃","물, 드래곤","고스트, 페어리","벌레, 전기"
또도가스,불꽃,"드래곤, 고스트",풀,"물, 비행","전기, 드래곤","격투, 물","전기, 불꽃","격투, 악",노말,"땅, 강철"
메타몽,불꽃,"페어리, 비행","드래곤, 고스트","고스트, 페어리",풀,"독, 물",노말,"격투, 물",땅,"물, 얼음"
블래키,불꽃,"드래곤, 고스트","페어리, 비행",페어리,"땅, 강철",에스퍼,"고스트, 페어리","불꽃, 비행","전기, 물",전기
란쿨루스,불꽃,"페어리, 비행","고스트, 페어리","드래곤, 고스트",노말,"전기, 드래곤","물, 얼음","격투, 물",풀,"물, 페어리"
뽀록나,불꽃,노말,"페어리, 비행","드래곤, 고스트","전기, 드래곤","격투, 물",땅,"물, 비행","고스트, 페어리",노말
드래피온,불꽃,"드래곤, 고스트","페어리, 비행","물, 비행",풀,"격투, 물","땅, 강철","불꽃, 비행","고스트, 페어리","전기, 불꽃"
패리퍼,"물, 드래곤",불꽃,"전기, 강철",풀,땅,"풀, 강철","벌레, 강철","고스트, 페어리","물, 바위","전기, 드래곤"
마휘핑,불꽃,"드래곤, 고스트","물, 얼음","전기, 드래곤","격투, 물","물, 비행","땅, 강철",풀,"비행, 강철","페어리, 비행"
코바르온,불꽃,"페어리, 비행",풀,"드래곤, 고스트","고스트, 페어리",노말,"물, 비행","땅, 강철","격투, 악",땅
해무기,불꽃,"페어리, 비행","드래곤, 고스트","고스트, 페어리","땅, 강철",풀,"전기, 드래곤",노말,"격투, 물",땅
왕구리,"물, 드래곤","벌레, 강철",불꽃,"풀, 강철",노말,"전기, 드래곤","페어리, 비행",풀,"전기, 강철","고스트, 페어리"
맘모꾸리,불꽃,"페어리, 비행","드래곤, 고스트","물, 비행",풀,"전기, 드래곤","격투, 물","물, 페어리","풀, 강철",노말
버터플,불꽃,"페어리, 비행","악, 페어리","풀, 페어리","드래곤, 고스트","고스트, 페어리","땅, 강철","전기, 드래곤","격투, 물","물, 비행"
